t,x1_raw,x1,x2,line_pos,has_line,err,mode,v_cap,kp,ki,kd,base_v,left,right,ir0,ir1,ir2,ir3,ir4,ir5,ir6,ir7
0.0,50.0,50.0,92.99342830602247,-0.002765286023423693,1.0,-0.006664139883858817,MF,0.55,0.55,0.0,0.14,0.5,0.5969632353101458,0.40303676468985417,5,17,144,774,776,145,0,4
0.01,59.696323531014585,51.93926470620291,91.07316461437507,-0.005797145605975945,1.0,-0.0024295534406389508,MF,0.55,0.55,0.0,0.14,0.5,0.4420520441872733,0.5579479558127267,1,0,133,762,733,135,0,0
0.02,55.79479558127267,52.71037088121686,94.93129753784311,0.0025125697143287403,1.0,0.0031608854021344867,MF,0.55,0.55,0.0,0.14,0.5,0.4199953692299979,0.5800046307700021,0,0,138,781,783,151,0,0
0.03,58.000463077000205,53.76838932037353,90.7965867755412,0.04757071241756136,1.0,0.04167345591953823,MF,0.55,0.55,0.0,0.14,0.5,-0.06209638799939854,1.0,0,0,95,628,847,191,0,1
0.04,100.0,63.014711456298826,93.47693315999082,0.017429210341821495,1.0,0.024732794080461775,MF,0.55,0.55,0.0,0.14,0.5,0.7235662290028164,0.2764337709971836,0,1,110,727,809,175,9,0
0.05,72.35662290028164,64.88309374509538,92.64816793878958,0.009749813703397073,1.0,0.008967195238385881,MF,0.55,0.55,0.0,0.14,0.5,0.7157864264079503,0.2842135735920497,0,9,138,752,782,152,8,7
0.06,71.57864264079504,66.22220352423531,91.04165152430942,0.017154140969915414,1.0,0.018995285034179688,MF,0.55,0.55,0.0,0.14,0.5,0.34915933609008787,0.6508406639099121,0,0,126,725,790,170,9,0
0.07,65.08406639099121,65.99457609758649,92.72279121101683,0.0550035528999413,1.0,0.05451127461024693,MF,0.55,0.55,0.0,0.14,0.5,-0.027205055100577247,1.0,0,14,63,639,876,221,11,0
0.08,100.0,72.79566087806919,91.56065622432497,0.03471368528419629,1.0,0.03301552363804409,HF,0.75,0.4,0.0,0.18,0.5,0.8737173080444335,0.12628269195556652,11,0,95,672,837,191,3,4
0.09,87.37173080444335,75.71087486334402,92.19415509869609,0.05021961919284951,1.0,0.05358130591256278,HF,0.75,0.4,0.0,0.18,0.5,0.1083833966936385,0.8916166033063615,0,0,85,629,865,217,9,0
0.1,89.16166033063615,78.40103195680244,89.16925851589917,0.025649436869898637,1.0,0.028829097747802734,HF,0.75,0.4,0.0,0.18,0.5,0.9340081078665596,0.06599189213344031,0,0,106,683,806,171,8,0
0.11,93.40081078665597,81.40098772277315,88.16245756940192,0.03668180873721233,1.0,0.03314154488699777,HF,0.75,0.4,0.0,0.18,0.5,0.40911933353969027,0.5908806664603097,0,22,94,648,802,175,16,6
0.12,59.08806664603097,76.93840350742472,93.58206389408609,0.022102107034966085,1.0,0.013335364205496652,HF,0.75,0.4,0.0,0.18,0.5,0.8511771065848215,0.14882289341517851,11,0,122,740,815,169,7,0
0.13,85.11771065848215,78.57426493763622,88.89867313786773,0.04466095966627061,1.0,0.04518120629446847,HF,0.75,0.4,0.0,0.18,0.5,-0.09129764011928021,1.0,0,6,82,644,816,195,15,0
0.14,100.0,82.85941195010898,92.45491986920825,0.07234867135942996,1.0,0.07040704999651227,HF,0.75,0.4,0.0,0.18,0.5,0.017771993364606664,0.9822280066353933,0,3,72,592,888,244,17,2
0.15,98.22280066353933,85.93208969279505,92.50098570069176,0.05596152848217762,1.0,0.056069646562848775,HF,0.75,0.4,0.0,0.18,0.5,0.7356454031808035,0.26435459681919654,0,3,86,623,890,229,1,5
0.16,73.56454031808035,83.45857981785211,90.05063665954536,0.06750616900040458,1.0,0.06284454890659877,HF,0.75,0.4,0.0,0.18,0.5,0.3529139382498606,0.6470860617501394,9,0,80,586,875,254,10,0
0.17,64.70860617501394,79.70858508928448,90.22097114074896,0.03808006459848476,1.0,0.04871736254010882,HF,0.75,0.4,0.0,0.18,0.5,0.7348024095807756,0.2651975904192244,0,5,99,664,824,202,6,21
0.18,73.48024095807756,78.4629162630431,93.25133469553002,0.03977970304841718,1.0,0.03552041734967913,HF,0.75,0.4,0.0,0.18,0.5,0.7233368464878627,0.27666315351213727,0,6,97,681,858,199,1,0
0.19,72.33368464878626,77.23706994019173,91.10697009586596,0.07646731770556858,1.0,0.07572385243007115,HF,0.75,0.4,0.0,0.18,0.5,-0.25395137241908494,1.0,1,0,68,570,883,260,14,0
0.2,100.0,81.78965595215338,92.71557472069657,0.07285674994942783,1.0,0.08562244687761579,HF,0.75,0.4,0.0,0.18,0.5,0.28757632119315024,0.7124236788068498,8,10,59,578,905,260,17,30
0.21,71.24236788068498,79.6801983378597,93.14178102138634,0.08653486796669765,1.0,0.07838112967354911,HF,0.75,0.4,0.0,0.18,0.5,0.5989912578037806,0.40100874219621946,7,6,58,559,915,282,12,0
0.22,59.89912578037806,75.72398382636337,96.62931713334702,0.02853730395843923,1.0,0.025598662240164622,HF,0.75,0.4,0.0,0.18,0.5,1.0,-0.43984494890485504,5,0,110,738,864,180,1,5
0.23,100.0,80.57918706109069,90.53926673656572,0.07214340667844615,1.0,0.06803859983171735,HF,0.75,0.4,0.0,0.18,0.5,-0.29113431658063615,1.0,0,0,86,579,863,250,7,6
0.24,100.0,84.46334964887255,90.4149585231346,0.06731997154422407,1.0,0.07035057885306222,HF,0.75,0.4,0.0,0.18,0.5,0.4302441460745676,0.5697558539254324,4,8,63,583,868,234,26,3
0.25,56.97558539254324,78.96579679760669,89.47823209132991,0.08963776087616494,1.0,0.0837935038975307,HF,0.75,0.4,0.0,0.18,0.5,0.2245099476405551,0.7754900523594449,16,9,44,519,899,273,19,6
0.26,77.54900523594449,78.68243848527425,90.14613905684384,0.07161797053356365,1.0,0.07138804027012416,HF,0.75,0.4,0.0,0.18,0.5,0.6947431291852679,0.3052568708147321,0,0,67,563,888,235,9,1
0.27,69.47431291852679,76.84081337192475,94.88254657813224,0.04547836924318413,1.0,0.041568143027169366,HF,0.75,0.4,0.0,0.18,0.5,1.0,-0.02013089316231842,9,2,87,676,881,208,10,0
0.28,100.0,81.4726506975398,92.22703469050249,0.08868185636185008,1.0,0.08061000279017858,HF,0.75,0.4,0.0,0.18,0.5,-0.2349974768502372,1.0,12,0,76,526,914,290,18,0
0.29,100.0,85.17812055803185,91.58375549928545,0.06667694543152979,1.0,0.06916468484061104,HF,0.75,0.4,0.0,0.18,0.5,0.6783498491559712,0.3216501508440288,0,8,77,589,889,244,18,5
0.3,67.83498491559712,81.7094934295449,90.34200997815586,0.06628303208635108,1.0,0.062311717442103794,HF,0.75,0.4,0.0,0.18,0.5,0.598428726196289,0.40157127380371105,5,6,73,589,880,233,16,0
0.31,59.84287261962889,77.33616926756171,91.56463759354556,0.10026200938578156,1.0,0.09141921997070312,HF,0.75,0.4,0.0,0.18,0.5,-0.06050273350306923,1.0,6,7,62,508,924,305,21,0
0.32,100.0,81.86893541404937,92.19399192998543,0.09083801604536773,1.0,0.0929114477975028,HF,0.75,0.4,0.0,0.18,0.5,0.43597531999860484,0.5640246800013952,0,17,50,526,926,296,22,5
0.33,56.402468000139514,76.7756419312674,91.97550645430617,0.06148552093586847,1.0,0.060436521257672994,HF,0.75,0.4,0.0,0.18,0.5,1.0,-0.06037406921386723,0,0,86,610,872,231,14,0
0.34,100.0,81.42051354501392,90.35555920886713,0.08464645625068735,1.0,0.08052539825439453,HF,0.75,0.4,0.0,0.18,0.5,0.10619005475725457,0.8938099452427455,1,0,57,543,880,261,9,0
0.35000000000000003,89.38099452427454,83.01260974086604,92.62181513119602,0.10946764916824957,1.0,0.10775014332362584,HF,0.75,0.4,0.0,0.18,0.5,-0.03314546857561396,1.0,6,0,47,482,936,328,24,0
0.36,100.0,86.41008779269283,93.03869302848234,0.11064846179635685,1.0,0.1082674435206822,HF,0.75,0.4,0.0,0.18,0.5,0.44738161904471274,0.5526183809552873,0,4,52,486,943,335,22,0
0.37,55.261838095528724,80.18043785326,92.04902034851789,0.08983208983362699,1.0,0.08281128747122628,HF,0.75,0.4,0.0,0.18,0.5,0.925086293901716,0.07491370609828396,11,8,75,532,921,289,34,0
0.38,92.5086293901716,82.64607616064232,90.32055631563844,0.06760822844962358,1.0,0.07551813125610352,HF,0.75,0.4,0.0,0.18,0.5,0.6010695593697682,0.39893044063023175,0,0,66,585,874,255,19,0
0.39,60.106955936976824,78.13825211590922,90.20317065730329,0.0890044729183422,1.0,0.08694962092808314,HF,0.75,0.4,0.0,0.18,0.5,0.2594533375331335,0.7405466624668665,0,15,67,525,881,291,15,10
0.4,74.05466624668665,77.32153494206472,88.81114468241127,0.06659547959921965,1.0,0.06848641804286412,HF,0.75,0.4,0.0,0.18,0.5,0.8049430847167967,0.1950569152832033,0,2,68,582,847,233,12,4
0.41000000000000003,80.49430847167966,77.9560896479877,93.42322975617778,0.05535503904181274,1.0,0.05535616193498884,HF,0.75,0.4,0.0,0.18,0.5,0.7142021451677596,0.2857978548322404,0,12,87,630,895,227,20,0
0.42,71.42021451677596,76.64891462174535,96.12149584976397,0.11206903057575096,1.0,0.10916512353079659,HF,0.75,0.4,0.0,0.18,0.5,-0.5,1.0,0,8,53,513,966,354,31,0
0.43,100.0,81.31913169739627,89.63348297466845,0.03514304804402155,1.0,0.02520063945225307,HF,0.75,0.4,0.0,0.18,0.5,1.0,-0.5,0,8,111,661,826,174,0,0
0.44,100.0,85.05530535791702,92.76813089787862,0.0740924204346471,1.0,0.07398945944649833,HF,0.75,0.4,0.0,0.18,0.5,-0.4077945436750141,1.0,0,0,59,588,906,251,9,0
0.45,100.0,88.04424428633362,91.87464180545366,0.09252321646474326,1.0,0.08954511369977679,HF,0.75,0.4,0.0,0.18,0.5,0.1841801779610771,0.8158198220389229,0,5,52,523,914,284,12,0
0.46,81.5819822038923,86.75179186984536,95.92945026583278,0.07265769116474426,1.0,0.07221930367606026,HF,0.75,0.4,0.0,0.18,0.5,0.7829768589564734,0.21702314104352666,0,3,72,605,937,271,9,0
0.47000000000000003,78.29768589564733,85.06097067500575,91.44989660569671,0.0243068815205328,1.0,0.03163542066301618,HF,0.75,0.4,0.0,0.18,0.5,1.0,-0.2178557259695869,0,14,125,698,813,175,31,9
0.48,100.0,88.0487765400046,91.74416481703847,0.049491323683483655,1.0,0.05857140677315848,HF,0.75,0.4,0.0,0.18,0.5,-0.008276312691824828,1.0,0,3,82,629,852,204,23,7
0.49,100.0,90.43902123200368,91.98405471736676,0.09632515746685422,1.0,0.08987699236188616,HF,0.75,0.4,0.0,0.18,0.5,-0.09945133754185276,1.0,0,0,66,525,911,299,11,0
0.5,100.0,92.35121698560295,93.85235509506329,0.1029096923593984,1.0,0.1018850462777274,HF,0.75,0.4,0.0,0.18,0.5,0.2431010110037667,0.7568989889962333,0,5,46,510,939,314,20,0
0.51,75.68989889962333,89.01895336840703,92.54091365155968,0.061586502657144326,1.0,0.06482131140572685,HF,0.75,0.4,0.0,0.18,0.5,1.0,-0.1412187031337192,0,0,74,620,888,227,12,6
0.52,100.0,91.21516269472562,88.66118943775726,0.07120731430648702,1.0,0.07279818398611886,HF,0.75,0.4,0.0,0.18,0.5,0.3272970199584963,0.6727029800415036,0,6,62,550,847,242,14,0
0.53,67.27029800415036,86.42618975661057,93.27718491755475,0.02474184916958453,1.0,0.02928999492100307,HF,0.75,0.4,0.0,0.18,0.5,1.0,-0.2714314052036829,0,0,108,714,819,173,15,0
0.54,100.0,89.14095180528845,93.67138422413028,0.03289812737187203,1.0,0.03241818291800363,HF,0.75,0.4,0.0,0.18,0.5,0.4307253428867885,0.5692746571132115,4,14,86,690,850,188,10,0
0.55,56.92746571132115,82.69825458649498,92.1731795749458,0.04979140451805056,1.0,0.043703011104038784,HF,0.75,0.4,0.0,0.18,0.5,0.2793918882097517,0.7206081117902483,9,4,91,639,858,210,13,0
0.56,72.06081117902482,80.57076590500094,92.57954971379283,0.09172332487616483,1.0,0.07897663116455078,HF,0.75,0.4,0.0,0.18,0.5,-0.1665158135550362,1.0,6,0,67,533,905,285,2,0
0.5700000000000001,100.0,84.45661272400075,92.03683675837911,0.08095729185839037,1.0,0.08224153518676758,HF,0.75,0.4,0.0,0.18,0.5,0.40833511352539065,0.5916648864746094,2,0,71,543,906,276,3,9
0.58,59.16648864746094,79.39858790869279,92.67699281498882,0.03624429104103903,1.0,0.02634627478463309,HF,0.75,0.4,0.0,0.18,0.5,1.0,-0.4955761773245676,5,20,103,682,839,186,14,0
0.59,100.0,83.51887032695423,92.14313247443879,0.03203223847435445,1.0,0.026117052350725447,HF,0.75,0.4,0.0,0.18,0.5,0.4936791828700474,0.5063208171299526,3,5,113,683,828,177,4,3
0.6,50.63208171299526,76.94151260416243,93.5139772332907,0.02009698744458474,1.0,0.0119302613394601,HF,0.75,0.4,0.0,0.18,0.5,0.7505901336669922,0.24940986633300777,6,14,122,742,812,160,0,12
0.61,75.05901336669922,76.56501275666979,93.30873131270812,0.034308965064903024,1.0,0.032450199127197266,HF,0.75,0.4,0.0,0.18,0.5,0.11766104016985213,0.8823389598301479,2,0,123,691,846,197,11,1
0.62,88.23389598301479,78.89878940193879,90.41905108910937,0.04166188199981293,1.0,0.029797962733677456,HF,0.75,0.4,0.0,0.18,0.5,0.5358210699898855,0.46417893001011445,15,13,106,646,824,196,9,8
0.63,53.58210699898856,73.83545292134873,88.61507074057036,0.05957303572557594,1.0,0.06051301956176758,HF,0.75,0.4,0.0,0.18,0.5,-0.07707623073032921,1.0,0,0,69,580,850,222,0,0
0.64,100.0,79.06836233707898,91.32843060141974,0.059055919290364634,1.0,0.06145429611206055,HF,0.75,0.4,0.0,0.18,0.5,0.45847530364990235,0.5415246963500977,0,0,78,610,847,227,9,5
0.65,54.15246963500977,74.08518379666513,95.69791218989069,0.04485058907409348,1.0,0.0411266599382673,HF,0.75,0.4,0.0,0.18,0.5,0.8494467871529715,0.1505532128470285,0,0,117,680,886,213,11,0
0.66,84.94467871529714,76.25708278039154,90.85267598623953,0.007982740937090126,1.0,0.015908377511160716,HF,0.75,0.4,0.0,0.18,0.5,0.9475657326834542,0.05243426731654577,0,0,124,735,768,161,0,8
0.67,94.75657326834542,79.95698087798232,94.49217038499526,-0.02598384720409417,1.0,-0.011106831686837333,HF,0.75,0.4,0.0,0.18,0.5,0.9907164982386998,0.009283501761300217,0,4,169,833,711,128,10,10
0.68,99.07164982386998,83.77991466715984,93.44334412808647,-0.010562988294684014,1.0,-0.007355758122035435,HF,0.75,0.4,0.0,0.18,0.5,0.43542297908238004,0.56457702091762,0,9,147,803,747,127,9,3
0.6900000000000001,56.457702091761995,78.31547215208028,91.27806766836184,0.03171548840930573,1.0,0.029425757271902903,HF,0.75,0.4,0.0,0.18,0.5,-0.17383757999965121,1.0,0,7,109,679,824,173,14,0
0.7000000000000001,100.0,82.65237772166422,90.95455395896192,0.026003426079082837,1.0,0.03698982511247907,HF,0.75,0.4,0.0,0.18,0.5,0.3490508488246373,0.6509491511753627,0,0,97,697,797,188,0,13
0.71,65.09491511753626,79.14088520083862,92.42203493440523,-0.00042638706017517113,1.0,-0.0035071372985839844,HF,0.75,0.4,0.0,0.18,0.5,1.0,-0.23034817831856857,0,8,142,775,765,142,1,0
0.72,100.0,83.3127081606709,92.61560353778412,-0.036213775488599484,1.0,-0.038989407675606866,HF,0.75,0.4,0.0,0.18,0.5,1.0,-0.1542766298566547,0,14,194,840,680,104,0,0
0.73,100.0,86.65016652853672,92.39169051019536,-0.025092257609453106,1.0,-0.014661857060023717,HF,0.75,0.4,0.0,0.18,0.5,0.06796883174351281,0.9320311682564872,3,0,184,822,708,120,16,8
0.74,93.20311682564872,87.96075658795911,88.3182515373367,-0.03462005012459256,1.0,-0.03744636263166155,HF,0.75,0.4,0.0,0.18,0.5,0.9250996453421456,0.07490035465785433,0,7,185,794,654,92,0,0
0.75,92.50996453421456,88.87059817721021,90.15353350777819,-0.03954844931554513,1.0,-0.039449759892054966,HF,0.75,0.4,0.0,0.18,0.5,0.5518410546439034,0.44815894535609657,0,16,185,847,657,97,0,5
0.76,55.18410546439034,82.13329963464625,90.84872434752445,-0.013536602148245317,1.0,-0.016235555921282088,HF,0.75,0.4,0.0,0.18,0.5,0.08863855089460104,0.911361449105399,20,5,166,776,721,137,0,14
0.77,91.1361449105399,83.93386868982498,93.41550387091095,-0.030657273981517928,1.0,-0.03557865960257394,HF,0.75,0.4,0.0,0.18,0.5,0.8624073301042829,0.13759266989571706,5,15,191,826,694,106,2,4
0.78,86.2407330104283,84.39524155394564,92.35540200186651,-0.04950842817180012,1.0,-0.05286720820835659,HF,0.75,0.4,0.0,0.18,0.5,0.8323407581874303,0.16765924181256975,3,14,218,872,651,92,1,0
0.79,83.23407581874302,84.1630084069051,92.85923643826517,-0.02199728862913318,1.0,-0.01793513979230608,HF,0.75,0.4,0.0,0.18,0.5,-0.12160317557198663,1.0,2,0,163,825,717,122,3,0
0.8,100.0,87.33040672552409,93.876567611952,-0.03977085877912172,1.0,-0.03474903106689453,HF,0.75,0.4,0.0,0.18,0.5,0.8165496553693499,0.18345034463065008,0,5,198,858,682,95,12,0
0.81,81.65496553693498,86.19531848780626,91.62625671167729,-0.041486547144391414,1.0,-0.04216350827898298,HF,0.75,0.4,0.0,0.18,0.5,0.6503259931291852,0.3496740068708148,11,10,207,831,661,102,3,8
0.8200000000000001,65.03259931291852,81.96277465282871,90.96542309979925,-0.007683708483490998,1.0,-0.017808096749441966,HF,0.75,0.4,0.0,0.18,0.5,0.0687258311680386,0.9312741688319615,18,2,145,782,748,126,0,0
0.8300000000000001,93.12741688319615,84.1957030989022,89.31109897793145,-0.057353048987710556,1.0,-0.05268260410853794,HF,0.75,0.4,0.0,0.18,0.5,1.0,-0.1488141741071426,0,4,219,849,616,71,9,0
0.84,100.0,87.35656247912176,91.90107258069513,-0.028517580553571557,1.0,-0.02624225616455078,HF,0.75,0.4,0.0,0.18,0.5,0.03457063947405142,0.9654293605259485,0,10,181,825,696,128,0,0
0.85,96.54293605259485,89.19383719381638,90.75371894715047,-0.05607621261137551,1.0,-0.059326035635811944,HF,0.75,0.4,0.0,0.18,0.5,1.0,-0.11923844473702572,0,20,232,854,610,85,0,5
0.86,100.0,91.35506975505311,92.4058460417026,-0.07814728094454615,1.0,-0.07533305031912667,HF,0.75,0.4,0.0,0.18,0.5,0.8182594844273157,0.18174051557268428,12,28,260,902,573,69,6,16
0.87,81.82594844273157,89.4492454925888,91.6461055450119,-0.06657155784381903,1.0,-0.059857232230050225,HF,0.75,0.4,0.0,0.18,0.5,0.24537816728864414,0.7546218327113559,0,6,241,897,591,76,1,9
0.88,75.46218327113559,86.65183304829816,97.05386485174725,-0.06389832485314653,1.0,-0.0620800427028111,HF,0.75,0.4,0.0,0.18,0.5,0.5648426055908202,0.4351573944091798,0,20,256,945,643,78,6,8
0.89,56.484260559082024,80.61831855045493,93.64096436239473,-0.04570775289733185,1.0,-0.051349912370954244,HF,0.75,0.4,0.0,0.18,0.5,0.3273976189749582,0.6726023810250418,8,18,221,874,662,94,12,0
0.9,67.26023810250418,77.94670246086478,92.7373466177458,-0.06618426644026014,1.0,-0.057927540370396206,HF,0.75,0.4,0.0,0.18,0.5,0.6415683201381138,0.3584316798618862,0,22,245,893,593,81,6,17
0.91,64.15683201381138,75.1887283714541,91.384443530094,-0.05628594666981895,1.0,-0.06120211737496512,HF,0.75,0.4,0.0,0.18,0.5,0.5834232330322265,0.41657676696777346,2,23,222,867,625,83,0,1
0.92,58.342323303222656,71.81944735780782,94.14726349971954,-0.08343338055915073,1.0,-0.07799891063145228,HF,0.75,0.4,0.0,0.18,0.5,0.8335418428693497,0.1664581571306502,1,10,290,916,562,67,13,0
0.93,83.35418428693498,74.12639474363324,90.8896009466136,-0.02739239176583573,1.0,-0.02360943385532924,HF,0.75,0.4,0.0,0.18,0.5,-0.4695668084280832,1.0,0,0,179,806,681,114,5,0
0.9400000000000001,100.0,79.3011157949066,89.43939120265821,-0.049553096637768454,1.0,-0.057387079511369975,HF,0.75,0.4,0.0,0.18,0.5,1.0,-0.13095245361328112,5,8,222,827,611,80,1,1
0.9500000000000001,100.0,83.44089263592528,91.51752788428735,-0.06181825423002957,1.0,-0.06140211650303432,HF,0.75,0.4,0.0,0.18,0.5,0.5968315124511719,0.403168487548828,0,23,232,883,610,81,6,3
0.96,59.683151245117195,78.68934435776366,93.28544551973509,-0.04400024751214764,1.0,-0.04389122554234096,HF,0.75,0.4,0.0,0.18,0.5,0.20236045292445592,0.7976395470755441,1,14,206,874,659,109,2,0
0.97,79.7639547075544,78.90426642772181,92.25620882982157,-0.08579174989895384,1.0,-0.08866439546857562,HF,0.75,0.4,0.0,0.18,0.5,1.0,-0.341382816859654,6,10,276,897,546,41,0,6
0.98,100.0,83.12341314217744,93.57160031730166,-0.06510939655357033,1.0,-0.06175313677106585,HF,0.75,0.4,0.0,0.18,0.5,0.04029859815325054,0.9597014018467495,0,11,244,890,624,84,0,0
0.99,95.97014018467495,85.69275855067694,92.4167656158951,-0.1157586883083412,1.0,-0.10663543428693499,HF,0.75,0.4,0.0,0.18,0.5,1.0,-0.3505355290004185,0,17,336,936,488,49,0,4
1.0,100.0,88.55420684054155,94.798710873172,-0.05759184764535691,1.0,-0.0516941887991769,HF,0.75,0.4,0.0,0.18,0.5,-0.4682647432599748,1.0,0,6,239,902,647,89,10,0
1.01,100.0,90.84336547243325,94.63478813126865,-0.07314590216935277,1.0,-0.08222811562674386,HF,0.75,0.4,0.0,0.18,0.5,1.0,-0.08250192914690269,16,8,276,922,592,68,0,3
1.02,100.0,92.6746923779466,93.045670976071,-0.08943614990169775,1.0,-0.09498398644583565,HF,0.75,0.4,0.0,0.18,0.5,0.7675992693219866,0.23240073067801337,0,33,303,927,545,60,6,0
1.03,76.75992693219867,89.49173928879702,91.4852469251533,-0.11204729787717817,1.0,-0.11425413404192243,HF,0.75,0.4,0.0,0.18,0.5,0.892564310346331,0.10743568965366906,3,27,328,939,468,33,2,8
1.04,89.2564310346331,89.44467763796423,95.36785538291574,-0.0884145993131109,1.0,-0.08328969138009208,HF,0.75,0.4,0.0,0.18,0.5,-0.024044091360909348,1.0,8,16,293,953,566,49,13,11
1.05,100.0,91.55574211037138,90.74887459698094,-0.07172888649949823,1.0,-0.0692833491734096,HF,0.75,0.4,0.0,0.18,0.5,0.27559917994907923,0.7244008200509208,4,15,244,875,576,79,5,0
1.06,72.44008200509208,87.73261008931553,93.54339742129669,-0.13686980894108292,1.0,-0.1336355209350586,HF,0.75,0.4,0.0,0.18,0.5,1.0,-0.5,9,16,394,947,416,44,0,2
1.07,100.0,90.18608807145243,91.90615884224164,-0.07045760432402855,1.0,-0.06174400874546596,HF,0.75,0.4,0.0,0.18,0.5,-0.5,1.0,0,2,257,886,575,68,13,6
1.08,100.0,92.14887045716195,91.30269573118429,-0.08692831189761571,1.0,-0.09214326313563756,HF,0.75,0.4,0.0,0.18,0.5,1.0,-0.08404388427734377,0,32,282,907,549,61,0,0
1.09,100.0,93.71909636572956,91.85679748117187,-0.08047771897291922,1.0,-0.08461236953735352,HF,0.75,0.4,0.0,0.18,0.5,0.3982888630458286,0.6017111369541714,5,15,274,902,561,48,8,2
1.1,60.17111369541715,87.00949983166709,93.9960202197193,-0.137294283669032,1.0,-0.13890579768589564,HF,0.75,0.4,0.0,0.18,0.5,1.0,-0.5,17,29,409,952,432,26,0,15
1.11,100.0,89.60759986533367,91.61863519847331,-0.07450291014832539,1.0,-0.07196910040719169,HF,0.75,0.4,0.0,0.18,0.5,-0.5,1.0,7,17,257,896,594,68,3,8
1.12,100.0,91.68607989226693,94.21105186591596,-0.054440843774247884,1.0,-0.056449753897530694,HF,0.75,0.4,0.0,0.18,0.5,0.2432316643851144,0.7567683356148855,5,1,240,879,647,80,1,2
1.1300000000000001,75.67683356148855,88.48423062611126,92.64271443090054,-0.0689217039362891,1.0,-0.07350451605660575,HF,0.75,0.4,0.0,0.18,0.5,0.8363875252859934,0.1636124747140067,13,16,247,903,605,63,6,5
1.1400000000000001,83.63875252859934,87.51513500660887,91.40487299328002,-0.048875027313499034,1.0,-0.04730054310389927,HF,0.75,0.4,0.0,0.18,0.5,0.0472487040928431,0.9527512959071569,0,10,209,853,630,77,15,0
1.1500000000000001,95.2751295907157,89.06713392343023,90.01721530108739,-0.11833826378841232,1.0,-0.10896423884800502,HF,0.75,0.4,0.0,0.18,0.5,1.0,-0.5,0,12,353,923,449,59,8,0
1.16,100.0,91.25370713874419,87.00118857025285,-0.028187325094941824,1.0,-0.021404266357421875,HF,0.75,0.4,0.0,0.18,0.5,-0.5,1.0,0,0,178,796,668,107,7,6
1.17,100.0,93.00296571099535,93.51785717957353,-0.06697492548390185,1.0,-0.06809077944074358,HF,0.75,0.4,0.0,0.18,0.5,1.0,-0.3675935472760883,0,12,241,899,593,74,0,0
1.18,100.0,94.40237256879628,92.35978830230695,-0.0432108701781916,1.0,-0.042257990155901225,HF,0.75,0.4,0.0,0.18,0.5,0.05191298893519802,0.948087011064802,7,0,195,860,652,92,6,0
1.19,94.8087011064802,94.48363827633307,92.21075101229192,-0.09604616599152332,1.0,-0.08684090205601283,HF,0.75,0.4,0.0,0.18,0.5,1.0,-0.33722877502441406,0,20,288,925,522,59,2,10
1.2,100.0,95.58691062106645,92.25044900529582,-0.0761343448626663,1.0,-0.07260206767490932,HF,0.75,0.4,0.0,0.18,0.5,0.2727418082101004,0.7272581917898996,1,18,261,901,569,62,0,14
1.21,72.72581917898997,91.01469233265115,89.51227352921742,-0.07945427270195433,1.0,-0.07222577503749303,HF,0.75,0.4,0.0,0.18,0.5,0.522117042541504,0.47788295745849596,0,21,257,888,544,65,0,17
1.22,52.211704254150405,83.254094716951,89.62480316194097,-0.05732281768728628,1.0,-0.0478841917855399,HF,0.75,0.4,0.0,0.18,0.5,0.08100517817905967,0.9189948218209403,5,13,219,849,606,78,9,17
1.23,91.89948218209403,84.98317220997961,90.88501642998433,-0.08871550013632955,1.0,-0.0847851208278111,HF,0.75,0.4,0.0,0.18,0.5,1.0,-0.19813077109200616,0,36,275,915,547,54,5,13
1.24,100.0,87.98653776798369,91.24174451802503,-0.06307265659070116,1.0,-0.05961118425641741,HF,0.75,0.4,0.0,0.18,0.5,0.07071361541748061,0.9292863845825194,0,3,229,864,602,70,3,0
1.25,92.92863845825194,88.97495790603733,92.66176046442891,-0.03989796326274532,1.0,-0.041159629821777344,HF,0.75,0.4,0.0,0.18,0.5,0.1843358721051897,0.8156641278948102,0,11,208,839,684,101,0,0
1.26,81.56641278948102,87.49324888272606,93.11665382504344,-0.052506516821433744,1.0,-0.04918806893484933,HF,0.75,0.4,0.0,0.18,0.5,0.6641871316092355,0.3358128683907645,4,2,222,864,641,79,0,9
1.27,66.41871316092355,83.27834173836557,94.18262024118854,-0.03919744983598323,1.0,-0.037227630615234375,HF,0.75,0.4,0.0,0.18,0.5,0.29960316249302454,0.7003968375069755,0,6,210,863,702,103,4,0
1.28,70.03968375069755,80.63061014083196,92.26708180956456,-0.05168382054317933,1.0,-0.05644518988473075,HF,0.75,0.4,0.0,0.18,0.5,0.868494142804827,0.13150585719517305,5,17,211,855,623,91,0,0
1.29,86.84941428048269,81.87437096876211,92.77715720906193,0.0040654203010885015,1.0,0.0034843172345842633,HF,0.75,0.4,0.0,0.18,0.5,-0.5,1.0,0,11,137,758,785,145,7,2
1.3,100.0,85.49949677500969,90.66381909271391,-0.02302529660758925,1.0,-0.015642438616071428,HF,0.75,0.4,0.0,0.18,0.5,0.850538580758231,0.14946141924176903,0,0,173,792,698,112,12,3
1.31,85.0538580758231,85.41036903517237,91.94994608250971,-0.02349948244315351,1.0,-0.0331010137285505,HF,0.75,0.4,0.0,0.18,0.5,0.8274947575160436,0.17250524248395643,11,11,172,801,698,111,0,0
1.32,82.74947575160436,84.87819037845875,92.11329984979422,-0.026172533762584396,1.0,-0.026407923017229353,HF,0.75,0.4,0.0,0.18,0.5,0.39008753640311106,0.609912463596889,0,10,177,802,693,110,0,4
1.33,60.9912463596889,80.10080157470479,95.0615016646874,-0.009231621238998164,1.0,-0.015398706708635603,HF,0.75,0.4,0.0,0.18,0.5,0.30799358912876673,0.6920064108712333,0,17,159,805,760,131,1,1
1.34,69.20064108712333,77.9207694771885,92.32114796209973,-0.0303214072386758,1.0,-0.03790085656302316,HF,0.75,0.4,0.0,0.18,0.5,0.9201990400041853,0.07980095999581471,3,17,191,816,672,114,0,0
1.35,92.01990400041853,80.74059638183451,89.65977394788128,-0.06313864237122371,1.0,-0.06535039629255023,HF,0.75,0.4,0.0,0.18,0.5,1.0,-0.020231873648507315,4,17,226,838,587,78,0,1
1.36,100.0,84.59247710546761,91.96938030165401,-0.012177496534141035,1.0,-0.015679427555629184,HF,0.75,0.4,0.0,0.18,0.5,-0.38780566624232704,1.0,0,0,166,787,733,118,0,0
1.37,100.0,87.67398168437408,91.65410788015315,0.01385251154817628,1.0,0.019960880279541016,HF,0.75,0.4,0.0,0.18,0.5,-0.14950989314487995,1.0,0,0,135,725,784,166,1,14
1.3800000000000001,100.0,90.13918534749926,93.35585174267854,-0.02671879695667838,1.0,-0.03139216559273856,HF,0.75,0.4,0.0,0.18,0.5,1.0,-0.43691169193812773,17,2,186,833,719,124,3,0
1.3900000000000001,100.0,92.11134827799941,92.91994428587823,-0.02706098297206079,1.0,-0.03466503960745675,HF,0.75,0.4,0.0,0.18,0.5,0.5727777481079102,0.4272222518920898,16,8,176,829,694,103,12,0
1.4000000000000001,57.277774810791016,85.14463358455774,89.90617803463613,0.0007063963654014207,1.0,-0.007190772465297154,HF,0.75,0.4,0.0,0.18,0.5,0.008339500427246072,0.9916604995727539,9,10,145,737,735,150,2,0
1.41,99.16604995727539,87.94891685910127,94.65638828369812,0.004597351262560555,1.0,0.004419803619384766,HF,0.75,0.4,0.0,0.18,0.5,0.2892417090279716,0.7107582909720285,3,21,134,780,795,153,17,4
1.42,71.07582909720284,84.5742993067216,93.07659215809926,0.018434932132601237,1.0,0.021511282239641463,HF,0.75,0.4,0.0,0.18,0.5,0.18374887193952288,0.8162511280604772,0,0,112,712,827,158,4,0
1.43,81.62511280604772,83.98446200658682,92.6148133956182,0.0168173957680306,1.0,0.022084917340959822,HF,0.75,0.4,0.0,0.18,0.5,0.4808406012398856,0.5191593987601144,6,0,120,730,802,177,10,5
1.44,51.91593987601144,77.57075758047175,93.32576253733482,0.027489022604088007,1.0,0.03219318389892578,HF,0.75,0.4,0.0,0.18,0.5,0.30517392839704244,0.6948260716029575,1,0,114,702,827,185,17,0
1.45,69.48260716029576,75.95312749643655,92.61766602519793,0.04157296395818584,1.0,0.04010425295148577,HF,0.75,0.4,0.0,0.18,0.5,0.3415590558733259,0.6584409441266741,1,23,101,652,858,204,19,5
1.46,65.8440944126674,73.93132087968272,91.72308803203245,-0.013462741471016266,1.0,-0.008486543382917131,HF,0.75,0.4,0.0,0.18,0.5,1.0,-0.378028951372419,0,0,153,793,742,127,0,3
1.47,100.0,79.14505670374618,94.3932629732913,0.002300803003783339,1.0,0.0025386810302734375,HF,0.75,0.4,0.0,0.18,0.5,0.3005304881504604,0.6994695118495395,0,4,135,781,786,151,0,0
1.48,69.94695118495396,77.30543559998773,93.44476271565554,0.010484997834115148,1.0,0.002792017800467355,HF,0.75,0.4,0.0,0.18,0.5,0.4943231310163225,0.5056768689836775,13,1,132,757,786,143,0,10
1.49,50.56768689836775,71.95788585966373,90.89628370821511,0.07251614485899507,1.0,0.07403993606567383,HF,0.75,0.4,0.0,0.18,0.5,-0.5,1.0,0,3,81,591,900,260,21,4
1.5,100.0,77.56630868773098,93.55672215233328,0.013697645223425104,1.0,0.022685459681919644,HF,0.75,0.4,0.0,0.18,0.5,1.0,-0.4153063910348075,0,3,125,739,811,169,6,11
1.51,100.0,82.05304695018478,89.71662177173299,0.024169556429706335,1.0,0.03281961168561663,HF,0.75,0.4,0.0,0.18,0.5,0.30445741925920755,0.6955425807407924,0,0,109,687,805,174,0,14
1.52,69.55425807407924,79.55328917496367,94.4420673910507,0.04295184741634848,1.0,0.0456538200378418,HF,0.75,0.4,0.0,0.18,0.5,0.25072272164481035,0.7492772783551896,0,0,94,685,886,220,5,0
1.53,74.92772783551897,78.62817690707472,92.2817724938224,-0.000852303656780351,1.0,-0.0017479487827845982,HF,0.75,0.4,0.0,0.18,0.5,1.0,-0.353931018284389,2,3,138,753,766,136,0,0
1.54,100.0,82.90254152565977,91.94497018989873,0.07310134650662145,1.0,0.07364974703107562,HF,0.75,0.4,0.0,0.18,0.5,-0.5,1.0,13,0,65,584,886,257,19,9
1.55,100.0,86.32203322052781,91.7996918470401,0.03664983825649041,1.0,0.04139879771641323,HF,0.75,0.4,0.0,0.18,0.5,1.0,-0.06395756857735768,0,0,98,676,843,185,20,0
1.56,100.0,89.05762657642225,91.95726541130313,0.028767314155785068,1.0,0.022828919546944753,HF,0.75,0.4,0.0,0.18,0.5,0.8251262392316546,0.17487376076834538,0,10,114,691,822,184,0,0
1.57,82.51262392316546,87.74862604577089,93.58852935924365,0.021529449910101105,1.0,0.019830499376569475,HF,0.75,0.4,0.0,0.18,0.5,0.5460393633161272,0.45396063668387276,2,0,121,723,809,182,0,0
1.58,54.60393633161272,81.11968810293925,92.40113839446188,0.07240151603580106,1.0,0.0673144885471889,HF,0.75,0.4,0.0,0.18,0.5,-0.38163760049002515,1.0,0,2,74,591,899,251,6,0
1.59,100.0,84.8957504823514,89.85572197602879,-0.006280311645821844,1.0,-0.0012869834899902344,HF,0.75,0.4,0.0,0.18,0.5,1.0,-0.5,3,12,126,750,735,146,4,0
1.6,100.0,87.91660038588113,91.63420711779033,0.08226129685725879,1.0,0.08808210917881557,HF,0.75,0.4,0.0,0.18,0.5,-0.5,1.0,0,0,59,547,903,284,17,0
1.61,100.0,90.3332803087049,91.41637746216891,0.026011102467813352,1.0,0.022654737745012556,HF,0.75,0.4,0.0,0.18,0.5,1.0,-0.5,7,2,109,722,814,169,3,9
1.62,100.0,92.26662424696393,92.22654082107553,0.03090973206758723,1.0,0.029032230377197266,HF,0.75,0.4,0.0,0.18,0.5,0.37359224046979633,0.6264077595302037,7,0,121,699,825,194,8,6
1.6300000000000001,62.640775953020366,86.34145458817521,92.96946563458894,0.045033111716081264,1.0,0.048805032457624166,HF,0.75,0.4,0.0,0.18,0.5,0.12456754956926613,0.8754324504307338,0,10,91,657,853,211,25,0
1.6400000000000001,87.54324504307338,86.58181267915484,92.04843891334552,0.09236976989797874,1.0,0.10714285714285714,HF,0.75,0.4,0.0,0.18,0.5,-0.5,1.0,0,4,48,535,915,300,26,20
1.6500000000000001,100.0,89.26545014332387,93.15926634642715,0.0726823722736083,1.0,0.07613897323608398,HF,0.75,0.4,0.0,0.18,0.5,1.0,-0.02761432102748307,1,0,73,587,907,268,5,9
1.6600000000000001,100.0,91.41236011465911,94.63423013467973,0.06571818800375379,1.0,0.06704296384538923,HF,0.75,0.4,0.0,0.18,0.5,0.6369109834943498,0.3630890165056501,0,0,87,617,902,244,19,4
1.67,63.69109834943498,85.86810776161428,91.52213580166061,0.06252450814849983,1.0,0.06561190741402763,HF,0.75,0.4,0.0,0.18,0.5,0.4995142527988977,0.5004857472011023,0,0,90,602,885,246,19,0
1.68,50.04857472011023,78.70420115331348,92.80746018067322,0.07102340180428275,1.0,0.07240274974278041,HF,0.75,0.4,0.0,0.18,0.5,0.34880373818533783,0.6511962618146622,0,4,62,601,896,255,15,0
1.69,65.11962618146622,75.98728615894403,93.17338760295056,0.06351725385982972,1.0,0.05935014997209821,HF,0.75,0.4,0.0,0.18,0.5,0.7112067358834402,0.2887932641165598,6,0,79,629,885,235,16,1
1.7,71.12067358834402,75.01396364482403,92.70126019854712,0.08416586147401336,1.0,0.07917751584734235,HF,0.75,0.4,0.0,0.18,0.5,0.11143640790666853,0.8885635920933315,5,10,66,554,920,293,14,0
1.71,88.85635920933315,77.78244275772585,94.21416133857394,0.07319742273531242,1.0,0.0737598282950265,HF,0.75,0.4,0.0,0.18,0.5,0.5680144446236747,0.4319855553763253,0,8,67,594,919,262,19,0
1.72,56.80144446236747,73.58624309865417,93.02621159635217,0.07149080956971174,1.0,0.07679339817592076,HF,0.75,0.4,0.0,0.18,0.5,0.414678382873535,0.585321617126465,5,6,64,600,898,261,16,14
1.73,58.5321617126465,70.57542682145262,91.5530680352563,0.07062379179684453,1.0,0.07841266904558454,MF,0.55,0.55,0.0,0.14,0.5,0.4342032398496356,0.5657967601503644,0,0,77,571,879,240,20,13
1.74,56.57967601503644,67.77627666016939,91.79110156292505,0.07501196972693953,1.0,0.07898426055908203,MF,0.55,0.55,0.0,0.14,0.5,0.44855637550354,0.55144362449646,0,10,60,576,903,262,15,8
1.75,55.144362449646,65.2498938180647,86.59353541400152,0.09257257363822916,1.0,0.10155098778860909,MF,0.55,0.55,0.0,0.14,0.5,0.12821277550288612,0.8717872244971139,0,0,57,510,861,283,29,10
1.76,87.17872244971139,69.63565954439403,95.27992905874278,0.09433145466303852,1.0,0.09854044233049665,MF,0.55,0.55,0.0,0.14,0.5,0.487950393131801,0.512049606868199,0,0,55,538,968,305,19,4
1.77,51.2049606868199,65.9495197728792,92.08720489274491,0.1137100213175131,1.0,0.1149397577558245,MF,0.55,0.55,0.0,0.14,0.5,0.20719271727970656,0.7928072827202934,0,2,39,466,928,337,19,0
1.78,79.28072827202935,68.61576147270922,89.18736507265633,0.07831262369009011,1.0,0.08184187752859932,MF,0.55,0.55,0.0,0.14,0.5,0.9183572905404229,0.08164270945957708,0,7,64,538,871,250,16,10
1.79,91.83572905404229,73.25975498897583,88.2496550607085,0.08228630977341307,1.0,0.082265990121024,HF,0.75,0.4,0.0,0.18,0.5,0.45945957728794634,0.5405404227120536,0,6,62,528,866,255,23,0
1.8,54.05404227120536,69.41861244542173,95.80238137150602,0.07862892199796932,1.0,0.0845167977469308,MF,0.55,0.55,0.0,0.14,0.5,0.42200445447649276,0.5779955455235073,0,0,54,577,941,280,2,7
1.81,57.79955455235073,67.09480086680753,91.03387789663311,0.0824799234714709,1.0,0.07126808166503906,MF,0.55,0.55,0.0,0.14,0.5,0.6462845802307129,0.35371541976928716,12,8,60,544,879,264,13,0
1.82,64.62845802307129,66.60153229806028,91.73748606581539,0.08062917723820849,1.0,0.08202661786760602,MF,0.55,0.55,0.0,0.14,0.5,0.3042658533368792,0.6957341466631208,0,0,65,563,892,279,14,0
1.83,69.57341466631209,67.19590877171063,93.41642884651311,0.08315156402073676,1.0,0.079157897404262,MF,0.55,0.55,0.0,0.14,0.5,0.4966252429144722,0.5033747570855278,7,3,58,566,911,279,15,0
1.84,50.33747570855278,63.82422215907906,91.74292497712214,0.040093557723221124,1.0,0.04389551707676479,MF,0.55,0.55,0.0,0.14,0.5,0.9695307901927404,0.03046920980725959,0,3,98,655,851,190,16,3
1.85,96.95307901927404,70.44999353111805,90.7075453803124,0.11232971270634569,1.0,0.10881730488368443,MF,0.55,0.55,0.0,0.14,0.5,-0.3998495176860265,1.0,0,8,53,468,930,328,24,2
1.86,100.0,76.35999482489444,91.7313825170589,0.09198402986277517,1.0,0.08646821975708008,HF,0.75,0.4,0.0,0.18,0.5,0.8676962443760463,0.13230375562395363,6,0,67,517,921,300,8,0
1.87,86.76962443760463,78.44192074743648,89.78859066302813,0.07026726839088218,1.0,0.058700697762625556,HF,0.75,0.4,0.0,0.18,0.5,0.9763351167951311,0.02366488320486887,0,7,80,585,865,242,0,0
1.8800000000000001,97.6335116795131,82.2802389338518,93.92970326619492,0.10553095028063803,1.0,0.10480315344674247,HF,0.75,0.4,0.0,0.18,0.5,-0.3717654636928015,1.0,0,0,50,510,940,330,17,0
1.8900000000000001,100.0,85.82419114708145,93.0925684960074,0.07185972833903764,1.0,0.07685157230922154,HF,0.75,0.4,0.0,0.18,0.5,0.9723878315516881,0.02761216844831188,0,0,70,588,901,268,17,0
1.9000000000000001,97.2387831551688,88.10710954869892,93.39390880902147,0.06342814460838887,1.0,0.05158512932913644,HF,0.75,0.4,0.0,0.18,0.5,0.9341619219098773,0.06583807809012271,9,4,77,619,882,231,2,1
1.9100000000000001,93.41619219098773,89.16892607715667,95.46502999897018,0.11296819745979629,1.0,0.11181129728044782,HF,0.75,0.4,0.0,0.18,0.5,-0.5,1.0,5,4,32,492,961,344,21,0
1.92,100.0,91.33514086172534,88.04140037924843,0.08140587705801568,1.0,0.08679308210100446,HF,0.75,0.4,0.0,0.18,0.5,0.9156106403895787,0.08438935961042132,0,3,77,528,845,257,23,15
1.93,91.56106403895788,91.38032549717184,89.54090081109517,0.07435861532162022,1.0,0.07446466173444476,HF,0.75,0.4,0.0,0.18,0.5,0.6921257019042968,0.3078742980957032,0,0,88,550,874,254,22,0
1.94,69.21257019042967,86.94677443582341,92.6161010790082,0.054444012776926044,1.0,0.056164060320172994,HF,0.75,0.4,0.0,0.18,0.5,0.8069452013288225,0.19305479867117747,2,0,90,630,876,222,19,0
1.95,80.69452013288225,85.69632357523517,88.45393506358624,0.08524731558471665,1.0,0.09335061482020787,HF,0.75,0.4,0.0,0.18,0.5,-0.20669822692871098,1.0,0,0,54,539,857,292,23,1
1.96,100.0,88.55705886018814,91.89021199876743,0.0633358034881857,1.0,0.06167057582310268,HF,0.75,0.4,0.0,0.18,0.5,1.0,-0.04557247161865241,4,6,81,606,879,235,10,9
1.97,100.0,90.84564708815051,93.18711344456172,-0.0036786680222976736,1.0,-0.0042356763567243305,HF,0.75,0.4,0.0,0.18,0.5,1.0,-0.5,5,6,147,777,772,145,0,3
1.98,100.0,92.67651767052041,90.05668653091743,0.02493449716445792,1.0,0.02070277077811105,HF,0.75,0.4,0.0,0.18,0.5,0.04282684326171876,0.9571731567382813,0,10,117,692,803,175,1,3
1.99,95.71731567382812,93.28467727118196,93.60081905045537,0.06490884903532056,1.0,0.05375358036586216,HF,0.75,0.4,0.0,0.18,0.5,-0.11641600472586489,1.0,9,7,80,621,899,237,10,0
2.0,100.0,94.62774181694557,70.64964345005124,0.044132446769087515,1.0,0.055676051548549106,HF,0.75,0.4,0.0,0.18,0.5,0.44312509809221534,0.5568749019077847,0,0,56,505,653,150,12,7
2.0100000000000002,55.68749019077847,86.83969149171216,68.78488027126205,0.032627174078950105,1.0,0.02920872824532645,HF,0.75,0.4,0.0,0.18,0.5,0.9647283281598773,0.035271671840122754,0,0,84,510,618,123,10,0
2.02,96.47283281598773,88.76631975656727,72.11986526053266,0.05420270146168439,1.0,0.05951547622680664,HF,0.75,0.4,0.0,0.18,0.5,-0.06932765415736608,1.0,10,0,42,495,694,183,9,0
2.0300000000000002,100.0,91.01305580525381,73.61424519327463,0.029878132299345744,1.0,0.019502367292131697,HF,0.75,0.4,0.0,0.18,0.5,1.0,-0.21243501390729624,3,6,94,575,663,141,5,0
2.04,100.0,92.81044464420306,70.61057373782188,0.04178361256981261,1.0,0.04166664396013532,HF,0.75,0.4,0.0,0.18,0.5,0.08437636239188068,0.9156236376081193,0,3,66,516,649,153,4,1
2.05,91.56236376081193,92.56082846752483,73.65019652933528,0.03317922693656447,1.0,0.04172461373465402,HF,0.75,0.4,0.0,0.18,0.5,0.48226669856480187,0.5177333014351981,0,0,72,540,661,156,8,1
2.06,51.773330143519814,84.40332880272382,73.70179592433594,0.0482655145290722,1.0,0.054642132350376675,HF,0.75,0.4,0.0,0.18,0.5,0.24562781197684153,0.7543721880231584,3,1,74,512,667,168,19,7
2.07,75.43721880231584,82.61010680264222,73.93079496918234,0.0761715360085488,1.0,0.07986348015921456,HF,0.75,0.4,0.0,0.18,0.5,0.01407034737723234,0.9859296526227677,0,2,49,458,727,219,10,0
2.08,98.59296526227676,85.80667849456913,72.00105591771319,0.06386028981996841,1.0,0.07269954681396484,HF,0.75,0.4,0.0,0.18,0.5,0.5998709814889089,0.40012901851109106,0,0,55,463,686,185,5,11
2.09,59.987098148890894,80.64276242543349,72.65348952920463,0.05819064132634375,1.0,0.05153206416538784,HF,0.75,0.4,0.0,0.18,0.5,0.860401862008231,0.13959813799176907,4,0,72,488,695,171,0,6
2.1,86.0401862008231,81.7222471805114,72.75281905219504,0.03444947407970774,1.0,0.03331688472202846,HF,0.75,0.4,0.0,0.18,0.5,0.8145464760916574,0.18545352390834263,0,11,71,551,651,154,3,4
2.11,81.45464760916575,81.66872726624227,70.91177199577162,0.04951500448273424,1.0,0.043136460440499444,HF,0.75,0.4,0.0,0.18,0.5,0.3059930528913226,0.6940069471086774,0,0,74,490,661,156,0,0
2.12,69.40069471086774,79.21512075516736,76.82523084322582,0.06872102294605767,1.0,0.07577317101614815,HF,0.75,0.4,0.0,0.18,0.5,-0.11777005876813595,1.0,0,0,61,499,733,215,16,5
2.13,100.0,83.37209660413389,72.87695147761946,0.05366381591244173,1.0,0.048807076045445034,HF,0.75,0.4,0.0,0.18,0.5,0.965866879054478,0.034133120945521955,5,6,64,495,687,186,0,0
2.14,96.5866879054478,86.01501486439668,72.32952168247303,0.05452303722778858,1.0,0.04889604023524693,HF,0.75,0.4,0.0,0.18,0.5,0.47884022848946717,0.5211597715105328,1,3,64,506,669,167,7,0
2.15,52.115977151053286,79.235207321728,71.64829119113585,0.08696654258831009,1.0,0.0973379271371024,HF,0.75,0.4,0.0,0.18,0.5,-0.41088913508823954,1.0,0,2,36,419,706,217,22,4
2.16,100.0,83.3881658573824,69.77708408612594,0.05890395112640551,1.0,0.04644155502319336,HF,0.75,0.4,0.0,0.18,0.5,1.0,-0.3975580760410854,3,10,73,460,657,163,6,3
2.17,100.0,86.71053268590593,73.9746690331782,0.05270320671955996,1.0,0.059257098606654575,HF,0.75,0.4,0.0,0.18,0.5,0.2456173760550363,0.7543826239449637,0,2,62,526,682,177,24,0
2.18,75.43826239449636,84.45607862762402,71.619921929997,0.047340118328200814,1.0,0.045718329293387275,HF,0.75,0.4,0.0,0.18,0.5,0.7254105159214564,0.27458948407854356,0,12,52,516,655,161,3,4
2.19,72.54105159214565,82.07307322052834,68.8037512962325,0.06402444462004837,1.0,0.05221387318202427,HF,0.75,0.4,0.0,0.18,0.5,0.36219466073172435,0.6378053392682757,16,0,58,447,663,178,3,3
2.2,63.780533926827566,78.41456536178819,75.60869621957349,0.05128673319226571,1.0,0.05059923444475446,HF,0.75,0.4,0.0,0.18,0.5,0.5088238034929548,0.49117619650704525,5,0,64,527,721,180,5,0
2.21,50.882380349295474,72.90812835928965,69.49918453206057,0.06755741318084563,1.0,0.07122271401541573,HF,0.75,0.4,0.0,0.18,0.5,0.10028828212193092,0.8997117178780691,7,0,52,452,667,184,26,0
2.22,89.97117178780691,76.3207370449931,71.28331969595756,0.04292360032545797,1.0,0.04226480211530413,HF,0.75,0.4,0.0,0.18,0.5,1.0,-0.004336493355887039,5,0,68,521,669,152,0,8
2.23,100.0,81.05658963599447,70.63074034847999,0.07214577552423138,1.0,0.0702458109174456,HF,0.75,0.4,0.0,0.18,0.5,-0.03175648280552468,1.0,0,8,44,454,686,186,6,5
2.24,100.0,84.84527170879558,72.21178890623047,0.06853821312998706,1.0,0.05404329299926758,HF,0.75,0.4,0.0,0.18,0.5,0.7700280053274973,0.22997199467250273,15,0,70,466,690,182,8,7
2.25,77.00280053274973,83.2767774735864,71.74490175924493,0.08765385862578327,1.0,0.08604131426130023,HF,0.75,0.4,0.0,0.18,0.5,-0.11038090842110782,1.0,0,0,36,426,718,217,0,1
2.2600000000000002,100.0,86.62142197886912,72.87347710346702,0.06616770777537062,1.0,0.054945060185023716,HF,0.75,0.4,0.0,0.18,0.5,1.0,-0.03775454929896771,9,0,64,484,687,194,5,0
2.27,100.0,89.2971375830953,72.69535296707667,0.04906453397319018,1.0,0.05553320475987026,HF,0.75,0.4,0.0,0.18,0.5,0.4672001157488141,0.5327998842511859,0,2,61,499,684,158,13,3
2.2800000000000002,53.27998842511859,82.09370775149996,68.54838654241881,0.04606719102314639,1.0,0.04615708759852818,HF,0.75,0.4,0.0,0.18,0.5,0.6503072738647462,0.3496927261352538,9,0,64,488,642,152,2,11
2.29,65.03072738647462,78.6811116784949,75.47779932759516,0.0800927976805139,1.0,0.08719607761928014,HF,0.75,0.4,0.0,0.18,0.5,-0.2735802514212473,1.0,0,0,46,466,744,231,17,0
2.3000000000000003,100.0,82.94488934279592,74.10389523544583,0.04154486827381659,1.0,0.03858457292829241,HF,0.75,0.4,0.0,0.18,0.5,1.0,-0.3595732552664621,0,4,93,558,686,159,11,7
2.31,100.0,86.35591147423673,71.35866474888562,0.09849938099530883,1.0,0.0904325076511928,HF,0.75,0.4,0.0,0.18,0.5,-0.46943582807268414,1.0,1,4,46,403,722,231,10,0
2.32,100.0,89.08472917938938,72.87900246124045,0.0793667324863343,1.0,0.07461513791765485,HF,0.75,0.4,0.0,0.18,0.5,0.7548666000366211,0.2451333999633789,3,14,51,452,706,208,17,6
2.33,75.48666000366211,86.36511534424393,71.41206610467164,0.06365758726503386,1.0,0.06162663868495396,HF,0.75,0.4,0.0,0.18,0.5,0.7091423307146345,0.2908576692853655,0,0,66,474,688,184,9,0
2.34,70.91423307146346,83.27493888968783,73.39765684040506,0.07492405800687191,1.0,0.07854652404785156,HF,0.75,0.4,0.0,0.18,0.5,0.16402345384870254,0.8359765461512975,3,0,37,468,712,199,16,0
2.35,83.59765461512974,83.33948203477621,74.11987276809324,0.08037771800147873,1.0,0.07055153165544782,HF,0.75,0.4,0.0,0.18,0.5,0.6156892504010882,0.3843107495989118,5,0,61,455,725,217,0,3
2.36,61.56892504010882,78.98537063584274,69.94125698363585,0.04263945422575455,1.0,0.03690651484898159,HF,0.75,0.4,0.0,0.18,0.5,1.0,-0.09084769657679947,0,10,67,513,640,139,0,9
2.37,100.0,83.1882965086742,71.68820364412666,0.06050868748633448,1.0,0.05003016335623605,HF,0.75,0.4,0.0,0.18,0.5,0.24376226152692526,0.7562377384730747,1,5,70,489,680,170,5,2
2.38,75.62377384730748,81.67539197640085,70.07248214757878,0.054243108326672285,1.0,0.06084081104823521,HF,0.75,0.4,0.0,0.18,0.5,0.2810720171247211,0.7189279828752789,2,1,64,473,659,161,15,8
2.39,71.8927982875279,79.71887323862626,68.3076242755238,0.05684127788955542,1.0,0.057446343558175225,HF,0.75,0.4,0.0,0.18,0.5,0.5381218773978096,0.4618781226021904,0,0,60,451,639,159,9,0
2.4,53.81218773978096,74.5375361388572,70.55652489332549,0.08115025324550636,1.0,0.07909604481288365,HF,0.75,0.4,0.0,0.18,0.5,0.07866695949009483,0.9213330405099052,0,0,62,440,683,214,17,0
2.41,92.13330405099052,78.05668972128387,73.63755528750973,0.11069481917864192,1.0,0.109426634652274,HF,0.75,0.4,0.0,0.18,0.5,-0.08972127096993565,1.0,0,0,45,389,749,267,20,0
2.42,100.0,82.4453517770271,74.0946354132429,0.10579309123624545,1.0,0.11338799340384347,HF,0.75,0.4,0.0,0.18,0.5,0.3833403451102121,0.6166596548897879,0,0,27,404,751,257,25,0
2.43,61.66596548897879,78.28947451941744,73.1292118517872,0.06461836590478018,1.0,0.06538540976388114,HF,0.75,0.4,0.0,0.18,0.5,1.0,-0.33789234161376924,0,0,62,476,701,197,6,0
2.44,100.0,82.63157961553395,75.49916780841085,0.11539855046714775,1.0,0.1103414808000837,HF,0.75,0.4,0.0,0.18,0.5,-0.35334587097167947,1.0,0,6,32,389,768,278,12,0
2.45,100.0,86.10526369242716,70.16761616903752,0.07404021488029133,1.0,0.07463598251342773,HF,0.75,0.4,0.0,0.18,0.5,1.0,-0.11284457615443622,0,0,58,453,678,197,14,3
2.46,100.0,88.88421095394173,72.15191053583217,0.10858850160485796,1.0,0.1049340111868722,HF,0.75,0.4,0.0,0.18,0.5,-0.08733812059674928,1.0,3,0,44,391,723,256,22,0
2.47,100.0,91.10736876315339,74.14595609553203,0.14422283940682673,1.0,0.14285714285714285,HF,0.75,0.4,0.0,0.18,0.5,-0.2397592272077287,1.0,0,0,28,329,756,340,15,5
2.48,100.0,92.88589501052272,70.78827835848222,0.13469686939269207,1.0,0.12317371368408203,HF,0.75,0.4,0.0,0.18,0.5,0.805032239641462,0.19496776035853808,15,0,22,333,720,296,22,0
2.49,80.5032239641462,90.4093608012474,71.97232450781152,0.0900328097444666,1.0,0.08991009848458427,HF,0.75,0.4,0.0,0.18,0.5,1.0,-0.06278103419712588,0,12,35,426,713,223,19,2
2.5,100.0,92.32748864099793,73.14122599443907,0.12686369321065716,1.0,0.12944889068603516,HF,0.75,0.4,0.0,0.18,0.5,-0.26347781590053,1.0,0,0,22,346,769,302,10,0
2.5100000000000002,100.0,93.86199091279835,72.96373212343698,0.12227266117330932,1.0,0.11476727894374303,HF,0.75,0.4,0.0,0.18,0.5,0.718362099783761,0.28163790021623897,4,0,31,363,743,265,18,0
2.52,71.8362099783761,89.4568347259139,72.35042283781702,0.17501449132061436,1.0,0.1762523651123047,HF,0.75,0.4,0.0,0.18,0.5,-0.5,1.0,2,0,24,264,735,385,53,0
2.5300000000000002,100.0,91.56546778073111,72.94726415362291,0.10091776691480865,1.0,0.09761905670166016,HF,0.75,0.4,0.0,0.18,0.5,1.0,-0.5,4,0,37,401,740,253,5,0
2.54,100.0,93.2523742245849,70.58084029050165,0.09856475502415682,1.0,0.10324723379952568,HF,0.75,0.4,0.0,0.18,0.5,0.35739391871861037,0.6426060812813896,0,0,60,398,696,229,22,16
2.5500000000000003,64.26060812813897,87.45402100529571,68.82803337552409,0.09057817134211926,1.0,0.08504152297973633,HF,0.75,0.4,0.0,0.18,0.5,0.7936861855643137,0.2063138144356863,14,3,36,405,663,216,15,7
2.56,79.36861855643137,85.83694051552285,69.97220809541493,0.1344832121214052,1.0,0.14119482040405273,HF,0.75,0.4,0.0,0.18,0.5,-0.5,1.0,0,2,19,320,707,298,29,0
2.57,100.0,88.66955241241828,72.07647598992006,0.10853982438595154,1.0,0.11383778708321708,HF,0.75,0.4,0.0,0.18,0.5,0.9468914849417549,0.0531085150582451,0,0,58,374,740,263,18,14
2.58,94.68914849417548,89.87347162876972,72.74421094521372,0.15018447530104861,1.0,0.13865838732038224,HF,0.75,0.4,0.0,0.18,0.5,-0.0022341591971257735,1.0,0,10,32,301,733,332,21,0
2.59,100.0,91.89877730301578,74.47487626936828,0.13829014770865497,1.0,0.14324801308768137,HF,0.75,0.4,0.0,0.18,0.5,0.3600875309535432,0.6399124690464568,0,0,34,318,756,320,34,0
2.6,63.991246904645685,86.31727122334176,68.24689458791624,0.16500806472204116,1.0,0.1733161381312779,HF,0.75,0.4,0.0,0.18,0.5,-0.11055270603724887,1.0,0,0,13,260,689,322,38,10
2.61,100.0,89.05381697867341,73.30304398267901,0.1351777816849072,1.0,0.14070892333984375,HF,0.75,0.4,0.0,0.18,0.5,1.0,-0.030646296909877413,0,0,32,342,743,308,27,11
2.62,100.0,91.24305358293873,73.40901307964944,0.17916726037208358,1.0,0.17187649863106863,HF,0.75,0.4,0.0,0.18,0.5,-0.1297669546944752,1.0,0,11,19,250,752,400,35,0
2.63,100.0,92.99444286635098,72.59315109028152,0.17823812932149813,1.0,0.168119021824428,HF,0.75,0.4,0.0,0.18,0.5,0.50038697378976,0.49961302621023995,1,2,30,264,734,396,29,3
2.64,50.038697378976,84.40329376887598,75.61861269946623,0.1703319420347778,1.0,0.1771117619105748,HF,0.75,0.4,0.0,0.18,0.5,0.26728597368512796,0.732714026314872,0,0,10,274,764,377,36,7
2.65,73.2714026314872,82.17691554139823,70.18448763970616,0.2109232774827801,1.0,0.20714282989501953,HF,0.75,0.4,0.0,0.18,0.5,-0.12341635567801312,1.0,4,8,5,203,675,447,53,5
2.66,100.0,85.74153243311859,69.6488107887503,0.16860320227355208,1.0,0.16883114406040736,HF,0.75,0.4,0.0,0.18,0.5,1.0,-0.12207788739885606,4,0,21,250,714,344,37,5
2.67,100.0,88.59322594649488,70.60645636314085,0.20423010364388966,1.0,0.20761067526681082,HF,0.75,0.4,0.0,0.18,0.5,-0.2810758318219865,1.0,2,0,3,192,697,416,49,0
2.68,100.0,90.87458075719591,73.35828555087639,0.19274709242629479,1.0,0.19005189623151506,HF,0.75,0.4,0.0,0.18,0.5,0.7400372641427176,0.25996273585728236,0,6,16,236,735,410,51,5
2.69,74.00372641427177,87.50040988861109,69.96663374284701,0.2002135444035783,1.0,0.20199148995535715,HF,0.75,0.4,0.0,0.18,0.5,0.20429071698869944,0.7957092830113006,0,0,14,223,700,407,51,11
2.7,79.57092830113007,85.91451357111488,72.7736170413784,0.23332568932382416,1.0,0.21737452915736608,HF,0.75,0.4,0.0,0.18,0.5,0.13615548270089295,0.863844517299107,16,8,10,180,685,502,65,14
2.71,86.38445172991071,86.00850120287404,70.363142668116,0.24866299115844026,1.0,0.24876131330217635,HF,0.75,0.4,0.0,0.18,0.5,-0.16446663992745536,1.0,3,0,9,130,646,522,71,3
2.72,100.0,88.80680096229923,75.90831486750058,0.21450354998462076,1.0,0.19985103607177734,HF,0.75,0.4,0.0,0.18,0.5,1.0,-0.3004445757184713,0,11,26,207,744,494,52,0
2.73,100.0,91.04544076983939,74.46174902630948,0.2650093908296314,1.0,0.2628077098301479,HF,0.75,0.4,0.0,0.18,0.5,-0.5,1.0,4,0,21,132,650,580,107,9
2.74,100.0,92.83635261587152,72.82973100072383,0.24734758327849882,1.0,0.24691731589181082,HF,0.75,0.4,0.0,0.18,0.5,0.687260164533343,0.31273983546665696,0,4,0,152,667,521,81,0
2.75,68.72601645333431,88.01428538336408,75.51095139663099,0.2763911545251334,1.0,0.27680996486118864,HF,0.75,0.4,0.0,0.18,0.5,-0.14879166739327632,1.0,0,0,3,122,644,602,97,8
2.7600000000000002,100.0,90.41142830669126,73.25905916844363,0.23576363832733754,1.0,0.2257495607648577,HF,0.75,0.4,0.0,0.18,0.5,1.0,-0.32878744942801397,7,0,9,177,685,514,66,0
2.77,100.0,92.32914264535302,71.58828113823932,0.24390169661017125,1.0,0.24808815547398158,HF,0.75,0.4,0.0,0.18,0.5,-0.0013299669538225922,1.0,0,0,2,153,656,512,73,5
2.7800000000000002,100.0,93.86331411628241,73.74903414826504,0.2528791319011958,1.0,0.25430175236293245,HF,0.75,0.4,0.0,0.18,0.5,0.2864345550537113,0.7135654449462887,0,0,2,146,659,538,80,3
2.79,71.35654449462888,89.3619601919517,73.19005893167113,0.26181864559157186,1.0,0.26207174573625835,HF,0.75,0.4,0.0,0.18,0.5,0.2553114209856304,0.7446885790143696,0,0,5,131,651,547,87,5
2.8000000000000003,74.46885790143696,86.38333973384876,72.36766903264501,0.33396548230642165,1.0,0.3367780957903181,HF,0.75,0.4,0.0,0.18,0.5,-0.5,1.0,2,0,1,56,507,668,173,3
2.81,100.0,89.10667178707901,71.7664681684095,0.27456983447032146,1.0,0.25360829489571707,HF,0.75,0.4,0.0,0.18,0.5,1.0,-0.4785566820417132,13,0,19,127,617,577,102,0
2.82,100.0,91.28533742966322,71.4422332116985,0.3113921862080955,1.0,0.3067197799682617,HF,0.75,0.4,0.0,0.18,0.5,-0.5,1.0,0,0,2,100,554,633,144,2
2.83,100.0,93.02826994373058,68.59225682634656,0.2832329074298193,1.0,0.2787952423095703,HF,0.75,0.4,0.0,0.18,0.5,0.8911235809326172,0.10887641906738282,12,0,1,105,587,577,120,2
2.84,89.11235809326172,92.24508757363681,72.59124897749419,0.2786410045693493,1.0,0.26744065965924946,HF,0.75,0.4,0.0,0.18,0.5,0.5974062238420756,0.4025937761579244,11,0,5,109,609,582,99,0
2.85,59.74062238420756,85.74419453575096,70.90346241014984,0.3329038175093559,1.0,0.332249505179269,HF,0.75,0.4,0.0,0.18,0.5,-0.5,1.0,0,1,11,65,493,658,170,8
2.86,100.0,88.59535562860077,70.9375714107848,0.33318281621442875,1.0,0.3348245620727539,HF,0.75,0.4,0.0,0.18,0.5,0.31971915108816995,0.68028084891183,0,5,5,67,492,653,166,17
2.87,68.028084891183,84.48190148111722,70.72538450594242,0.3399392168295916,1.0,0.3434606279645647,HF,0.75,0.4,0.0,0.18,0.5,0.2071665627615794,0.7928334372384206,0,0,1,57,476,661,172,6
2.88,79.28334372384207,83.44218992966219,67.52353753335005,0.2956149341353956,1.0,0.2984674998692104,HF,0.75,0.4,0.0,0.18,0.5,1.0,-0.19048930576869372,0,3,0,90,538,586,109,7
2.89,100.0,86.75375194372975,72.28251428017492,0.30265953300803616,1.0,0.28854220254080637,HF,0.75,0.4,0.0,0.18,0.5,0.5632384708949499,0.43676152910505006,6,1,7,126,551,641,126,7
2.9,56.323847089495,80.6677709728828,71.90897550939752,0.34400577849889685,1.0,0.34469195774623324,HF,0.75,0.4,0.0,0.18,0.5,-0.5,1.0,0,2,0,69,480,674,174,18
2.91,100.0,84.53421677830625,70.92932982596756,0.36685022649831966,1.0,0.35922908782958984,HF,0.75,0.4,0.0,0.18,0.5,0.09464002336774513,0.9053599766322549,0,6,6,64,430,702,209,21
2.92,90.53599766322549,85.73457295529009,70.56233522478254,0.3817362610989315,1.0,0.38694681440080914,HF,0.75,0.4,0.0,0.18,0.5,-0.15369780404227096,1.0,0,0,1,44,399,707,242,21
2.93,100.0,88.58765836423207,73.7383091849938,0.3648381310519471,1.0,0.3477236883980887,HF,0.75,0.4,0.0,0.18,0.5,1.0,-0.06692679268973212,0,7,8,64,448,721,200,8
2.94,100.0,90.87012669138566,73.99314102115889,0.37168304271249597,1.0,0.362126214163644,HF,0.75,0.4,0.0,0.18,0.5,0.09590405055454726,0.9040959494454528,5,0,3,39,441,708,223,0
2.95,90.40959494454528,90.77802034201758,74.41198903309363,0.40356997830607283,1.0,0.3839999607631138,HF,0.75,0.4,0.0,0.18,0.5,-0.04732742309570259,1.0,3,12,0,48,384,754,289,10
2.96,100.0,92.62241627361406,70.35097167694465,0.3827974668672805,1.0,0.3749094009399414,HF,0.75,0.4,0.0,0.18,0.5,0.5136663164411269,0.4863336835588731,0,0,10,39,399,699,216,16
2.97,51.366631644112694,84.37125934771379,68.17549004916044,0.40047637537172587,1.0,0.3836882455008371,HF,0.75,0.4,0.0,0.18,0.5,0.18850549970354308,0.8114945002964569,0,15,7,33,361,685,256,18
2.98,81.14945002964569,83.72689748410016,72.52804016266734,0.43410223270465575,1.0,0.4365189416067941,HF,0.75,0.4,0.0,0.18,0.5,-0.5,1.0,5,2,0,16,307,742,320,46
2.99,100.0,86.98151798728013,75.03278811050714,0.4274240360581242,1.0,0.42663042885916574,HF,0.75,0.4,0.0,0.18,0.5,0.5073410579136443,0.49265894208635574,0,0,0,27,334,757,330,24
3.0,50.73410579136443,79.73203554809699,68.18438488424522,0.40481511996780767,1.0,0.3940485545567104,HF,0.75,0.4,0.0,0.18,0.5,0.928854315621512,0.071145684378488,0,15,4,20,347,681,268,14
3.0100000000000002,92.8854315621512,82.36271475090783,71.81272762252166,0.4550889553898929,1.0,0.4555179050990513,HF,0.75,0.4,0.0,0.18,0.5,-0.5,1.0,0,0,0,26,256,706,363,38
3.02,100.0,85.89017180072626,74.40052349947766,0.4257636332185284,1.0,0.41926097869873047,HF,0.75,0.4,0.0,0.18,0.5,0.9849202837262832,0.015079716273716848,0,9,0,23,334,764,318,25
3.0300000000000002,98.49202837262831,88.41054311510668,67.02334529317402,0.428214136424311,1.0,0.4214068821498326,HF,0.75,0.4,0.0,0.18,0.5,0.29281098502022906,0.7071890149797709,3,0,0,27,292,687,286,21
3.04,70.7189014979771,84.87221479168076,73.22043233917844,0.4507641812104011,1.0,0.4555478777204241,HF,0.75,0.4,0.0,0.18,0.5,-0.296757071358817,1.0,0,1,5,3,290,742,368,42
3.0500000000000003,100.0,87.8977718333446,69.25665260553907,0.43957006552188593,1.0,0.4313105174473354,HF,0.75,0.4,0.0,0.18,0.5,0.7637482779366624,0.23625172206333755,0,0,14,14,280,709,315,24
3.06,76.37482779366624,85.59318302540893,72.63490652250034,0.4531197760377115,1.0,0.4515463965279715,HF,0.75,0.4,0.0,0.18,0.5,-0.044864382062638763,1.0,0,0,0,21,288,738,369,39
3.0700000000000003,100.0,88.47454642032714,69.4613390069066,0.499724924019482,1.0,0.4781548636300223,HF,0.75,0.4,0.0,0.18,0.5,-0.17021435328892298,1.0,1,13,0,24,196,678,443,51
3.08,100.0,90.77963713626171,74.40106331694774,0.47425486933262584,1.0,0.4703641619001116,HF,0.75,0.4,0.0,0.18,0.5,0.4520869663783479,0.5479130336216521,0,0,0,17,244,754,404,44
3.09,54.79130336216521,83.58197038144242,68.36404154922569,0.4922864404456269,1.0,0.48355633871895926,HF,0.75,0.4,0.0,0.18,0.5,0.06911828177315849,0.9308817182268415,0,3,0,21,206,675,419,53
3.1,93.08817182268415,85.48321066969076,70.58621486402531,0.4997156475839233,1.0,0.47438389914376394,HF,0.75,0.4,0.0,0.18,0.5,0.47535035269601,0.52464964730399,13,8,0,13,183,689,452,39
3.11,52.464964730399,78.87956148183241,69.67643231217528,0.4823185050079435,1.0,0.4858786719185965,HF,0.75,0.4,0.0,0.18,0.5,0.0987426212855751,0.9012573787144249,0,0,3,14,215,685,417,57
3.12,90.1257378714425,81.12879675975444,71.03287703230693,0.4809759554665769,1.0,0.47717761993408203,HF,0.75,0.4,0.0,0.18,0.5,0.4657478877476279,0.5342521122523721,3,0,0,18,207,716,414,41
3.13,53.42521122523721,75.588079652851,71.8215316915571,0.49756427609706716,1.0,0.48467608860560824,HF,0.75,0.4,0.0,0.18,0.5,0.17115712847028502,0.8288428715297149,0,11,0,14,207,691,456,52
3.14,82.8842871529715,77.0473211528751,73.69354155043298,0.46072331599254956,1.0,0.4557540076119559,HF,0.75,0.4,0.0,0.18,0.5,0.8382958548409598,0.1617041451590402,0,0,3,21,259,740,387,30
3.15,83.82958548409599,78.40377401911928,73.68396739090426,0.5006893508452065,1.0,0.5094413757324219,HF,0.75,0.4,0.0,0.18,0.5,-0.5,1.0,0,0,0,0,190,715,481,59
3.16,100.0,82.72301921529542,70.78699322356852,0.5218486225365879,1.0,0.5237404959542411,HF,0.75,0.4,0.0,0.18,0.5,0.033119637625557474,0.9668803623744425,0,0,0,0,161,663,493,64
3.17,96.68803623744425,85.51602261972519,70.10850787860643,0.529402165229166,1.0,0.5320519038609096,HF,0.75,0.4,0.0,0.18,0.5,0.13757389613560295,0.862426103864397,0,6,0,0,141,641,511,76
3.18,86.2426103864397,85.66134017306808,73.95684422405607,0.5320349904977117,1.0,0.5338142939976284,HF,0.75,0.4,0.0,0.18,0.5,0.25475125994001113,0.7452487400599889,0,0,0,17,148,684,543,93
3.19,74.52487400599888,83.43404693965424,71.180626814741,0.5400405064233632,1.0,0.5223182950701032,HF,0.75,0.4,0.0,0.18,0.5,0.49800066266741183,0.5019993373325882,18,0,0,0,148,625,529,85
3.2,50.19993373325882,76.78722429837515,72.37035107365983,0.5383510355579452,1.0,0.533531733921596,HF,0.75,0.4,0.0,0.18,0.5,0.08474540710449041,0.9152545928955096,1,10,0,0,140,660,544,85
3.21,91.52545928955095,79.73487129661031,74.36698733377986,0.5101749708429372,1.0,0.481651851109096,HF,0.75,0.4,0.0,0.18,0.5,1.0,-0.24117715018136243,13,12,5,23,175,706,488,69
3.22,100.0,83.78789703728825,69.89971852079572,0.5526246381294136,1.0,0.5383986064365932,HF,0.75,0.4,0.0,0.18,0.5,-0.5,1.0,10,5,2,0,119,619,552,90
3.23,100.0,87.0303176298306,71.16418090846823,0.5005428430466704,1.0,0.4877192633492606,HF,0.75,0.4,0.0,0.18,0.5,1.0,-0.2171404702322831,0,15,0,11,202,680,455,62
3.24,100.0,89.62425410386449,72.0249986438145,0.601856965954936,1.0,0.5840663909912109,HF,0.75,0.4,0.0,0.18,0.5,-0.5,1.0,0,8,0,8,87,534,648,128
3.25,100.0,91.6994032830916,73.20649500114278,0.5537282365674216,1.0,0.5453924451555524,HF,0.75,0.4,0.0,0.18,0.5,0.9779740469796325,0.022025953020367472,5,8,2,6,123,631,583,107
3.2600000000000002,97.79740469796326,92.91900356606592,71.52377912737589,0.5518084591358052,1.0,0.5360382625034877,HF,0.75,0.4,0.0,0.18,0.5,0.45395998273576893,0.546040017264231,0,9,5,20,122,622,558,97
3.27,54.6040017264231,85.25600319813736,71.56866472490474,0.5364009059101345,1.0,0.5170303072248187,HF,0.75,0.4,0.0,0.18,0.5,0.6353310721261155,0.3646689278738845,7,5,0,17,157,650,528,83
3.2800000000000002,63.53310721261155,80.9114240010322,70.27659385948748,0.5572823727046717,1.0,0.5430627550397601,HF,0.75,0.4,0.0,0.18,0.5,-0.18580916268484937,1.0,0,7,0,16,119,604,552,92
3.29,100.0,84.72913920082577,74.83706269029608,0.5095988728836828,1.0,0.49971076420375277,HF,0.75,0.4,0.0,0.18,0.5,1.0,-0.0804515293666308,10,2,0,0,204,707,487,72
3.3000000000000003,100.0,87.78331136066062,72.67710575257183,0.5431236073403322,1.0,0.5319727488926479,HF,0.75,0.4,0.0,0.18,0.5,-0.29350482395717137,1.0,1,0,8,14,146,652,563,86
3.31,100.0,90.2266490885285,69.6362517491584,0.5732548052489264,1.0,0.559955324445452,HF,0.75,0.4,0.0,0.18,0.5,-0.2276684897286554,1.0,16,0,0,6,104,565,589,127
3.3200000000000003,100.0,92.18131927082281,72.39226291804782,0.5484259481373811,1.0,0.5393830708095005,HF,0.75,0.4,0.0,0.18,0.5,0.6545473371233268,0.34545266287667326,0,2,8,9,135,633,548,96
3.33,65.45473371233268,86.83600215912477,73.82754324277117,0.537696400650979,1.0,0.524517331804548,HF,0.75,0.4,0.0,0.18,0.5,0.5577763693673273,0.44222363063267267,12,4,11,0,139,666,551,97
3.34,55.77763693673273,80.62432911464636,73.41215782763027,0.5657259330073345,1.0,0.5495322091238839,HF,0.75,0.4,0.0,0.18,0.5,-0.1700806753976004,1.0,0,9,0,17,116,631,603,105
3.35,100.0,84.49946329171709,70.96120725634775,0.5655982883950433,1.0,0.5608388355800084,HF,0.75,0.4,0.0,0.18,0.5,0.0721451895577564,0.9278548104422436,3,0,0,2,115,580,581,95
3.36,92.78548104422435,86.15666684221854,69.69333519358851,0.5403784718474558,1.0,0.5332716533115932,HF,0.75,0.4,0.0,0.18,0.5,0.7829006195068353,0.21709938049316468,0,0,0,21,135,628,524,81
3.37,78.29006195068354,84.58334586391155,71.84511307854801,0.551804369543914,1.0,0.5282298496791294,HF,0.75,0.4,0.0,0.18,0.5,0.3794605255126959,0.6205394744873041,11,14,0,0,128,620,563,86
3.38,62.053947448730405,80.07746618087532,76.3301121356132,0.6009862635208065,1.0,0.5886846269880023,HF,0.75,0.4,0.0,0.18,0.5,-0.5,1.0,1,8,8,0,82,575,690,151
3.39,100.0,84.06197294470026,68.846007035618,0.5624684297627296,1.0,0.5508743013654437,HF,0.75,0.4,0.0,0.18,0.5,0.9602361406598772,0.03976385934012283,0,0,15,0,118,597,573,94
3.4,96.02361406598772,86.45430116895774,72.9828589054404,0.5911589756182679,1.0,0.5895675931658063,HF,0.75,0.4,0.0,0.18,0.5,-0.4323062896728498,1.0,1,0,3,0,99,569,636,149
3.41,100.0,89.1634409351662,70.6501319624189,0.5728351782427697,1.0,0.5503478731427874,HF,0.75,0.4,0.0,0.18,0.5,0.9858158111572248,0.01418418884277517,15,0,0,2,113,584,577,105
3.42,98.58158111572249,91.04706897127744,70.78529113357558,0.5803843481427656,1.0,0.5695318494524274,HF,0.75,0.4,0.0,0.18,0.5,-0.07312431335449043,1.0,3,3,0,11,102,581,605,126
3.43,100.0,92.83765517702196,72.93309062290025,0.6097897534975409,1.0,0.5854380471365792,HF,0.75,0.4,0.0,0.18,0.5,-0.02048677716936409,1.0,4,0,18,9,83,521,656,157
3.44,100.0,94.27012414161757,72.29104239553648,0.571429096438575,1.0,0.5553546633039202,HF,0.75,0.4,0.0,0.18,0.5,0.8193590436662932,0.1806409563337068,1,12,5,0,110,592,595,107
3.45,81.93590436662932,91.80328018661992,71.04470883479199,0.5593706058205619,1.0,0.5448834555489677,HF,0.75,0.4,0.0,0.18,0.5,0.47052835736955945,0.5294716426304406,0,0,0,20,129,606,567,88
3.46,52.94716426304406,84.03205700190475,75.39144575562173,0.6231020884686888,1.0,0.6118999208722796,HF,0.75,0.4,0.0,0.18,0.5,-0.5,1.0,1,8,1,0,67,522,704,176
3.47,100.0,87.2256456015238,71.81720088498177,0.5841489136971675,1.0,0.5869215556553432,HF,0.75,0.4,0.0,0.18,0.5,0.7148419516427182,0.2851580483572818,0,0,0,0,106,555,625,134
3.48,71.48419516427182,84.0773555140734,71.39563882603476,0.53424715159043,1.0,0.5259878976004464,HF,0.75,0.4,0.0,0.18,0.5,1.0,-0.3696048409598215,0,0,0,2,162,656,515,64
3.49,100.0,87.26188441125872,71.34596536478045,0.582523610028292,1.0,0.5637092590332031,HF,0.75,0.4,0.0,0.18,0.5,-0.4044682094029024,1.0,3,0,4,18,105,570,608,117
3.5,100.0,89.80950752900698,74.3612818249043,0.5746750906309697,1.0,0.5729940959385463,HF,0.75,0.4,0.0,0.18,0.5,0.10367529732840375,0.8963247026715963,0,0,0,0,113,609,625,113
3.5100000000000002,89.63247026715962,89.77410007663751,74.4416425976261,0.5700666835213932,1.0,0.5482493809291294,HF,0.75,0.4,0.0,0.18,0.5,0.7261051177978521,0.27389488220214786,13,0,3,7,109,622,624,95
3.52,72.61051177978521,86.34138241726706,73.00548961498163,0.5380762444693488,1.0,0.5228809629167829,HF,0.75,0.4,0.0,0.18,0.5,0.7474791390555251,0.2525208609444749,0,13,0,0,147,676,527,73
3.5300000000000002,74.74791390555251,84.02268871492414,74.99486336635925,0.6254005079609257,1.0,0.6028667177472796,HF,0.75,0.4,0.0,0.18,0.5,-0.5,1.0,0,0,16,14,74,507,706,178
3.54,100.0,87.21815097193932,72.66170260923116,0.6175432520173978,1.0,0.5934671674455915,HF,0.75,0.4,0.0,0.18,0.5,0.4318050384521501,0.5681949615478499,7,0,11,4,77,525,665,163
3.5500000000000003,56.819496154784986,81.13842000850845,70.93709089728156,0.557421476558172,1.0,0.5307568141392299,HF,0.75,0.4,0.0,0.18,0.5,1.0,-0.3676972743443081,2,20,0,4,128,612,561,85
3.56,100.0,84.91073600680676,72.46557348588033,0.5738842659140629,1.0,0.559882572719029,HF,0.75,0.4,0.0,0.18,0.5,-0.2482166835239944,1.0,0,9,7,4,110,604,606,120
3.5700000000000003,100.0,87.92858880544541,71.4050355982523,0.6154923262887237,1.0,0.6076604298182896,HF,0.75,0.4,0.0,0.18,0.5,-0.5,1.0,2,1,0,4,66,504,653,150
3.58,100.0,90.34287104435633,76.24954280603393,0.6161115666261733,1.0,0.6003039223807198,HF,0.75,0.4,0.0,0.18,0.5,0.3922955649239679,0.6077044350760321,15,0,0,0,71,535,716,167
3.59,60.77044350760321,84.4283855370057,74.13675866738804,0.6018051688663176,1.0,0.5697074617658343,HF,0.75,0.4,0.0,0.18,0.5,0.8228533063616057,0.1771466936383943,18,0,10,11,78,564,668,145
3.6,82.28533063616057,83.99977455683667,70.352129026056,0.5755911522858718,1.0,0.5519012723650251,HF,0.75,0.4,0.0,0.18,0.5,0.5997509002685564,0.4002490997314436,16,0,6,0,97,584,579,108
3.61,59.97509002685564,79.19483765084046,72.06805482214446,0.5924707764597823,1.0,0.5865498951503209,HF,0.75,0.4,0.0,0.18,0.5,-0.3582951681954526,1.0,0,3,5,8,83,556,642,139
3.62,100.0,83.35587012067236,69.25428109703788,0.5975690292132796,1.0,0.5835530417306083,HF,0.75,0.4,0.0,0.18,0.5,0.3205221448625828,0.6794778551374172,0,0,15,0,77,533,603,127
3.63,67.94778551374172,80.27425319928624,73.1928822751635,0.5781826249915413,1.0,0.5703456061226981,HF,0.75,0.4,0.0,0.18,0.5,0.5095955984933036,0.49040440150669645,0,5,3,5,102,597,617,122
3.64,50.95955984933036,74.41131452929505,71.00613594976404,0.5875852939862464,1.0,0.5852139336722237,HF,0.75,0.4,0.0,0.18,0.5,-0.0017154693603503857,1.0,0,0,0,0,96,561,621,121
3.65,100.0,79.52905162343605,72.8161056936735,0.6026669178258499,1.0,0.6016292572021484,HF,0.75,0.4,0.0,0.18,0.5,-0.0361275264195039,1.0,3,0,1,5,83,527,656,163
3.66,100.0,83.62324129874884,71.27992146248603,0.5775561304011494,1.0,0.5653047561645508,HF,0.75,0.4,0.0,0.18,0.5,0.9277191162109375,0.0722808837890625,2,2,9,0,109,584,599,118
3.67,92.77191162109375,85.45297536321782,74.05891496319671,0.6100894493276243,1.0,0.6019086837768555,HF,0.75,0.4,0.0,0.18,0.5,-0.3996341705322266,1.0,0,6,0,2,80,537,686,156
3.68,100.0,88.36238029057425,69.76090774323366,0.5853630140308863,1.0,0.5664745058332171,HF,0.75,0.4,0.0,0.18,0.5,0.9112254006522034,0.08877459934779663,1,9,4,0,114,555,611,119
3.69,91.12254006522033,88.91441224550346,73.0667184894109,0.6106845616632087,1.0,0.5883677346365792,HF,0.75,0.4,0.0,0.18,0.5,-0.12942521231514925,1.0,9,8,6,0,73,533,676,154
3.7,100.0,91.13152979640277,74.13034393142877,0.6236861913114038,1.0,0.6189825875418526,HF,0.75,0.4,0.0,0.18,0.5,-0.2986603873116629,1.0,0,0,0,4,65,522,700,175
3.71,100.0,92.90522383712222,69.12818095226295,0.5691391136238825,1.0,0.5502683094569615,HF,0.75,0.4,0.0,0.18,0.5,1.0,-0.35989267621721543,2,0,8,2,134,595,567,103
3.72,100.0,94.32417906969778,73.99116302800405,0.6304290283827922,1.0,0.6164003099714007,HF,0.75,0.4,0.0,0.18,0.5,-0.5,1.0,0,0,0,6,68,505,694,166
3.73,100.0,95.45934325575823,73.7160283906043,0.5808058622865684,1.0,0.571826526096889,HF,0.75,0.4,0.0,0.18,0.5,1.0,-0.0735974993024553,0,1,6,2,100,592,624,111
3.74,100.0,96.36747460460658,70.57063864601913,0.6088989734505944,1.0,0.6066736493791852,HF,0.75,0.4,0.0,0.18,0.5,-0.3699176788330061,1.0,2,1,0,0,59,517,655,136
3.75,100.0,97.09397968368528,70.82814465336449,0.6062635930792787,1.0,0.590886116027832,HF,0.75,0.4,0.0,0.18,0.5,0.5478211539132246,0.4521788460867754,10,0,0,0,79,539,644,145
3.7600000000000002,54.78211539132246,88.63160682521271,72.64416462153397,0.6007771105323739,1.0,0.5923198972429548,HF,0.75,0.4,0.0,0.18,0.5,0.23726397923060916,0.7627360207693908,0,6,1,2,77,557,655,138
3.77,76.27360207693908,86.16000587555799,74.00364970736388,0.5924791426875478,1.0,0.5923271179199219,HF,0.75,0.4,0.0,0.18,0.5,0.262939180646623,0.737060819353377,0,0,0,6,79,563,632,135
3.7800000000000002,73.70608193533769,83.66922108751393,71.69935907945626,0.597446843844446,1.0,0.5968523025512695,HF,0.75,0.4,0.0,0.18,0.5,0.17980575561523438,0.8201942443847656,0,0,3,0,89,539,638,147
3.79,82.01942443847656,83.33926175770647,73.17233160078557,0.5974055548896341,1.0,0.5911190850394112,HF,0.75,0.4,0.0,0.18,0.5,0.3667502811976847,0.6332497188023153,2,0,0,0,87,559,642,132
3.8000000000000003,63.32497188023153,79.33640378221149,69.22291489233758,0.5754483438697646,1.0,0.5748924527849469,HF,0.75,0.4,0.0,0.18,0.5,0.5621223994663787,0.43787760053362135,0,1,0,7,102,550,585,116
3.81,56.212239946637865,74.71157101509677,70.0122746503303,0.6177881747647406,1.0,0.6136315209524972,HF,0.75,0.4,0.0,0.18,0.5,-0.4427558353969032,1.0,0,0,0,0,66,493,647,148
3.8200000000000003,100.0,79.76925681207742,71.20020187573773,0.6168349791465312,1.0,0.6118407930646624,HF,0.75,0.4,0.0,0.18,0.5,0.2874967847551604,0.7125032152448396,0,1,0,11,62,508,669,163
3.83,71.25032152448397,78.06546975455873,71.59495154587034,0.603085305103451,1.0,0.5873914446149554,HF,0.75,0.4,0.0,0.18,0.5,0.7051316942487444,0.2948683057512556,8,0,0,0,92,537,636,141
3.84,70.51316942487445,76.55500968862188,70.77135371180741,0.6017980436085727,1.0,0.5737638473510742,HF,0.75,0.4,0.0,0.18,0.5,0.5157912118094317,0.48420878819056834,7,0,12,8,90,527,634,129
3.85,51.57912118094317,71.55983198708614,70.95067518586639,0.6283526354365248,1.0,0.615884508405413,HF,0.75,0.4,0.0,0.18,0.5,-0.5,1.0,10,0,0,0,52,485,666,172
3.86,100.0,77.24786558966892,71.09610125617624,0.6053240663058752,1.0,0.6034656252179827,HF,0.75,0.4,0.0,0.18,0.5,0.482153647286551,0.5178463527134489,0,0,0,0,82,539,644,153
3.87,51.78463527134489,72.15521952600412,69.21955614969308,0.6270451097648805,1.0,0.613593510219029,HF,0.75,0.4,0.0,0.18,0.5,0.0722606658935564,0.9277393341064436,0,0,0,11,70,473,642,166
3.88,92.77393341064436,76.27896230293216,72.60340001780347,0.6303292747061165,1.0,0.6323069163731166,HF,0.75,0.4,0.0,0.18,0.5,-0.08976407732282476,1.0,0,0,0,5,46,486,691,187
3.89,100.0,81.02316984234572,73.38571516847487,0.6415498587642562,1.0,0.6294277736118862,HF,0.75,0.4,0.0,0.18,0.5,0.30005346025739393,0.6999465397426061,0,0,0,9,68,475,714,202
3.9,69.99465397426061,78.8174666687287,70.88776250647844,0.6305296180237694,1.0,0.6002834865025112,HF,0.75,0.4,0.0,0.18,0.5,0.7844837733677456,0.21551622663225445,13,0,12,0,72,464,679,171
3.91,78.44837733677456,78.74364880233787,69.16946561615163,0.6408874066054965,1.0,0.6275919505528041,HF,0.75,0.4,0.0,0.18,0.5,-0.24258913312639518,1.0,8,0,0,0,53,448,676,186
3.92,100.0,82.9949190418703,75.71100662958852,0.6445415370794587,1.0,0.6371331896100726,HF,0.75,0.4,0.0,0.18,0.5,0.0734044211251389,0.9265955788748611,0,0,0,0,65,482,727,211
3.93,92.65955788748612,84.92784681099346,73.3430623434581,0.6743122063192656,1.0,0.6490250996180943,HF,0.75,0.4,0.0,0.18,0.5,0.026335580008371662,0.9736644199916283,7,6,0,3,50,391,735,244
3.94,97.36644199916283,87.41556584862732,72.75830623745225,0.6722054869845343,1.0,0.657022339957101,HF,0.75,0.4,0.0,0.18,0.5,0.09324073791503845,0.9067592620849616,0,0,0,8,45,406,728,235
3.95,90.67592620849616,88.0676379206011,73.03058864324893,0.6349194066310611,1.0,0.6102292197091239,HF,0.75,0.4,0.0,0.18,0.5,1.0,-0.09818447657993823,17,4,0,0,60,479,708,190
3.96,100.0,90.45411033648088,70.53673652218295,0.6935718996473836,1.0,0.6822889872959682,HF,0.75,0.4,0.0,0.18,0.5,-0.5,1.0,0,6,0,3,33,334,734,283
3.97,100.0,92.36328826918471,71.20560936770802,0.6380289887912564,1.0,0.624518803187779,HF,0.75,0.4,0.0,0.18,0.5,1.0,-0.29005579267229464,2,0,2,2,61,474,690,179
3.98,100.0,93.89063061534777,74.7251257054249,0.6973501414468395,1.0,0.6577961785452706,HF,0.75,0.4,0.0,0.18,0.5,-0.3621112278529579,1.0,25,0,1,0,36,358,777,290
3.99,100.0,95.11250449227822,68.62163392406548,0.6597268309227488,1.0,0.6562068121773856,HF,0.75,0.4,0.0,0.18,0.5,0.2661258697509754,0.7338741302490246,0,6,0,1,27,401,693,215
4.0,73.38741302490246,90.76748619880306,43.27301279007013,0.673291408917606,1.0,0.6745071411132812,HF,0.75,0.4,0.0,0.18,0.5,-0.09920877729143363,1.0,0,3,0,5,2,233,431,152
4.01,100.0,92.61398895904244,45.04526170535374,0.6394647479830193,1.0,0.6342336109706334,HF,0.75,0.4,0.0,0.18,0.5,0.9712300981794086,0.02876990182059136,0,1,0,0,32,296,430,119
4.0200000000000005,97.12300981794087,93.51579313082213,49.339873176161085,0.632907799473052,1.0,0.6286588396344867,HF,0.75,0.4,0.0,0.18,0.5,0.34888234819684594,0.6511176518031541,0,6,0,0,35,325,484,131
4.03,65.1117651803154,87.83498754072079,46.724447023773955,0.6270047421346909,1.0,0.6135550907679966,HF,0.75,0.4,0.0,0.18,0.5,0.5264454432896217,0.4735545567103783,0,0,0,8,46,316,441,108
4.04,52.64454432896217,80.79689889836907,45.40951776480357,0.664734267474816,1.0,0.6404632840837751,HF,0.75,0.4,0.0,0.18,0.5,-0.24053279331752175,1.0,0,2,7,0,33,283,452,148
4.05,100.0,84.63751911869525,43.523885832677216,0.6472656610917259,1.0,0.6266493116106305,HF,0.75,0.4,0.0,0.18,0.5,0.4979917798723493,0.5020082201276507,3,1,0,2,43,275,432,121
4.0600000000000005,50.200822012765066,77.75017969750922,46.49980047884742,0.6435831135609591,1.0,0.6376992634364537,HF,0.75,0.4,0.0,0.18,0.5,0.046021161760602114,0.9539788382393979,0,2,0,0,37,297,442,136
4.07,95.3978838239398,81.27972052279534,46.14401255660095,0.6183898981331348,1.0,0.6179666519165039,HF,0.75,0.4,0.0,0.18,0.5,0.6080003465924941,0.39199965340750587,0,0,0,2,42,309,426,102
4.08,60.80003465924941,77.18378335008616,46.26732204954812,0.6131329319368494,1.0,0.5735517229352679,HF,0.75,0.4,0.0,0.18,0.5,1.0,-0.07004803248814073,13,0,10,0,55,333,434,97
4.09,100.0,81.74702668006893,42.80275914964437,0.6502411325223239,1.0,0.6314454759870257,HF,0.75,0.4,0.0,0.18,0.5,-0.5,1.0,0,1,9,0,35,258,418,124
4.1,100.0,85.39762134405514,41.99955627710613,0.6011057689498785,1.0,0.567058835710798,HF,0.75,0.4,0.0,0.18,0.5,1.0,-0.35317646571568084,10,7,0,3,46,326,374,84
4.11,100.0,88.31809707524411,47.292060288284134,0.596099336783604,1.0,0.5592013767787388,HF,0.75,0.4,0.0,0.18,0.5,0.41775371006556894,0.5822462899344311,12,0,13,0,56,346,415,81
4.12,58.224628993443105,82.29940345888392,43.78470730925306,0.6039728312894821,1.0,0.591836793082101,HF,0.75,0.4,0.0,0.18,0.5,-0.32417221069336,1.0,7,1,2,0,42,340,389,101
4.13,100.0,85.83952276710714,44.51387760223827,0.6019401457698204,1.0,0.5719052723475865,HF,0.75,0.4,0.0,0.18,0.5,0.6300052642822271,0.36999473571777286,8,10,0,0,51,336,406,88
4.14,63.00052642822271,81.27172349933026,46.237772596046305,0.6299347960008174,1.0,0.617476054600307,HF,0.75,0.4,0.0,0.18,0.5,-0.5,1.0,3,2,0,0,43,310,435,116
4.15,100.0,85.01737879946421,44.87919254160618,0.6150889347845075,1.0,0.6028506415230888,HF,0.75,0.4,0.0,0.18,0.5,0.5221171787806922,0.4778828212193078,0,0,7,0,50,316,409,100
4.16,52.21171787806922,78.45624661518522,45.02565728708737,0.5975825703104327,1.0,0.5902722222464425,HF,0.75,0.4,0.0,0.18,0.5,0.49030265808105583,0.5096973419189441,0,0,0,7,52,340,408,80
4.17,50.96973419189441,72.95894413052706,41.9143935635142,0.5803073675514637,1.0,0.575850350516183,MF,0.55,0.55,0.0,0.14,0.5,0.38518851143973143,0.6148114885602686,0,0,0,5,59,340,370,66
4.18,61.481148856026856,70.66338507562702,45.55669726928934,0.568945075460815,1.0,0.5561505726405552,MF,0.55,0.55,0.0,0.14,0.5,0.4699140753064841,0.5300859246935159,0,0,0,5,90,374,371,67
4.19,53.00859246935159,67.13242655437193,45.7915976974195,0.5800790902601877,1.0,0.5581771305629185,MF,0.55,0.55,0.0,0.14,0.5,0.16463076727730885,0.8353692327226911,10,0,0,0,73,357,364,80
4.2,83.53692327226912,70.41332589795137,45.48731444740543,0.5487458676492372,1.0,0.5450600215366909,MF,0.55,0.55,0.0,0.14,0.5,0.3838565145220071,0.6161434854779929,0,0,0,0,88,378,343,47
4.21,61.61434854779929,68.65353042792096,44.487318643255016,0.5555880024578019,1.0,0.5268261773245675,MF,0.55,0.55,0.0,0.14,0.5,0.4655194214412151,0.534480578558785,6,0,0,7,93,381,353,44
4.22,53.448057855878496,65.61243591351246,40.21608759137395,0.5790939465180361,1.0,0.551466805594308,MC,0.45,0.65,0.0,0.12,0.45,-0.2041409628731869,1.0,0,9,0,6,72,328,342,66
4.23,100.0,72.48994873080997,41.85823708574817,0.5852035202505743,1.0,0.5741367340087891,MF,0.55,0.55,0.0,0.14,0.5,-0.13315420150756818,1.0,0,4,0,0,68,329,372,71
4.24,100.0,77.99195898464798,41.316204454084286,0.5718645535534818,1.0,0.5610171726771763,HC,0.65,0.45,0.0,0.16,0.5,0.4574552536010745,0.5425447463989255,0,5,0,0,64,359,346,63
4.25,54.25447463989255,73.24446211569689,47.15068680391379,0.5541986121008439,1.0,0.5417559487479073,HF,0.75,0.4,0.0,0.18,0.5,0.6299996512276789,0.37000034877232113,1,0,1,11,77,421,369,54
4.26,62.99996512276789,71.19556271711109,46.99526415384049,0.5402356044953562,1.0,0.5294117246355329,MF,0.55,0.55,0.0,0.14,0.5,0.38164268902369936,0.6183573109763006,6,0,0,7,96,406,342,61
4.2700000000000005,61.83573109763007,69.32359639321488,44.7357268221969,0.531500571887419,1.0,0.5357554299490792,MF,0.55,0.55,0.0,0.14,0.5,0.11652263913835775,0.8834773608616422,0,0,0,3,91,402,323,50
4.28,88.34773608616422,73.12842433180475,49.18639586441989,0.5077519239732686,1.0,0.4905714307512556,HF,0.75,0.4,0.0,0.18,0.5,1.0,-0.11708341326032279,9,7,0,7,123,473,335,46
4.29,100.0,78.5027394654438,46.017216746466886,0.5254016887781399,1.0,0.5164093290056501,HF,0.75,0.4,0.0,0.18,0.5,-0.1716459001813606,1.0,0,0,9,0,95,428,317,39
4.3,100.0,82.80219157235504,44.15280283654364,0.5027108934785423,1.0,0.4984273910522461,HF,0.75,0.4,0.0,0.18,0.5,0.624303926740373,0.37569607325962695,0,5,0,0,113,432,282,31
4.3100000000000005,62.43039267403731,78.7278317926915,45.08871759503121,0.4911147436848276,1.0,0.4777777535574777,HF,0.75,0.4,0.0,0.18,0.5,0.6805823734828399,0.3194176265171601,3,3,0,15,122,452,276,29
4.32,68.058237348284,76.59391290381001,44.960252729263374,0.5198727518134415,1.0,0.5003903252737862,HF,0.75,0.4,0.0,0.18,0.5,-0.10718242100306807,1.0,9,0,0,13,101,429,324,39
4.33,100.0,81.275130323048,46.36272465315061,0.4949101118172716,1.0,0.4832690102713449,HF,0.75,0.4,0.0,0.18,0.5,0.6148760659354063,0.38512393406459366,6,1,3,1,118,457,271,31
4.34,61.48760659354063,77.31762557714653,46.88236373283994,0.5177578744793588,1.0,0.47888197217668804,HF,0.75,0.4,0.0,0.18,0.5,0.38741389683314803,0.612586103166852,15,8,0,5,111,429,314,38
4.3500000000000005,61.2586103166852,74.10582252505426,40.92755899428813,0.5107691578481711,1.0,0.5060826710292271,MC,0.45,0.65,0.0,0.12,0.45,-0.20536212239946633,1.0,0,0,3,10,105,387,277,40
4.36,100.0,79.28465802004341,45.61480713943938,0.48918324377588135,1.0,0.46374103001185824,HF,0.75,0.4,0.0,0.18,0.5,1.0,-0.07665312630789634,2,9,0,24,130,449,271,33
4.37,100.0,83.42772641603473,41.51555661472945,0.49056119336002957,1.0,0.4796041761125837,HC,0.65,0.45,0.0,0.16,0.5,0.030367783137729698,0.9696322168622703,0,1,8,11,102,424,255,22
4.38,96.96322168622703,86.13482547007318,45.31425583798188,0.5007563113071469,1.0,0.5070858001708984,HF,0.75,0.4,0.0,0.18,0.5,-0.19750355311802437,1.0,0,1,0,3,117,427,290,39
4.39,100.0,88.90786037605855,46.02976719215275,0.5093191635358173,1.0,0.5124940872192383,HF,0.75,0.4,0.0,0.18,0.5,0.19765319824218752,0.8023468017578125,2,0,6,0,110,432,313,46
4.4,80.23468017578125,87.17322433600309,45.97461047408999,0.5099788912323729,1.0,0.507453373500279,HF,0.75,0.4,0.0,0.18,0.5,0.387751497541156,0.612248502458844,0,2,0,12,115,436,309,46
4.41,61.2248502458844,81.98354951797934,43.6633096103064,0.4828638739826095,1.0,0.46639156341552734,HF,0.75,0.4,0.0,0.18,0.5,1.0,-0.052555956159318185,0,0,1,12,137,417,254,10
4.42,100.0,85.58683961438348,47.73940221530837,0.45782895767669335,1.0,0.43646580832345144,HF,0.75,0.4,0.0,0.18,0.5,0.8640772683279855,0.13592273167201452,10,7,0,2,178,477,248,19
4.43,86.40772683279855,85.75101705806648,41.437683171068734,0.43031918523039603,1.0,0.42340169634137836,HC,0.65,0.45,0.0,0.16,0.5,0.518495028359549,0.48150497164045103,1,0,0,19,189,421,181,18
4.44,51.849502835954894,78.97071421364417,42.28612886060085,0.47467836999820967,1.0,0.475682122366769,HF,0.75,0.4,0.0,0.18,0.5,-0.5,1.0,4,5,0,2,131,423,242,36
4.45,100.0,83.17657137091534,44.010069039263854,0.455453499259708,1.0,0.4289028985159738,HF,0.75,0.4,0.0,0.18,0.5,1.0,-0.17046486990792387,9,2,10,13,154,436,212,26
4.46,100.0,86.54125709673228,47.377193646174014,0.49747950729275203,1.0,0.4794315610613142,HF,0.75,0.4,0.0,0.18,0.5,-0.5,1.0,6,9,0,0,139,464,299,38
4.47,100.0,89.23300567738583,45.646370964916414,0.48114858761203544,1.0,0.4539820807320731,HF,0.75,0.4,0.0,0.18,0.5,0.7764978136335106,0.22350218636648939,10,4,6,12,139,459,255,37
4.48,77.64978136335105,86.91636081457888,42.61095412046793,0.4560561761947826,1.0,0.4586106709071568,HF,0.75,0.4,0.0,0.18,0.5,0.2332411084856304,0.7667588915143696,0,4,0,0,161,427,225,20
4.49,76.67588915143696,84.8682664819505,45.79084197077608,0.4259398857458229,1.0,0.4018453870500837,HF,0.75,0.4,0.0,0.18,0.5,1.0,-0.361036954607282,0,0,7,29,198,477,181,6
4.5,100.0,87.8946131855604,43.08244308762645,0.41267118576118134,1.0,0.4061366489955357,HF,0.75,0.4,0.0,0.18,0.5,0.26030262538365,0.73969737461635,0,3,0,21,213,441,177,11
4.51,73.96973746163499,85.10963804077532,42.62601322338851,0.45538255830547003,1.0,0.4579730715070452,HF,0.75,0.4,0.0,0.18,0.5,-0.5,1.0,0,0,0,3,155,435,220,13
4.5200000000000005,100.0,88.08771043262026,44.02458925410251,0.45008879259089685,1.0,0.4100351333618164,HF,0.75,0.4,0.0,0.18,0.5,1.0,-0.19886883326939153,3,16,9,21,158,454,218,15
4.53,100.0,90.4701683460962,45.336030681065054,0.44174953550747426,1.0,0.4352306638445173,HF,0.75,0.4,0.0,0.18,0.5,-0.1276118142264231,1.0,4,0,6,8,186,460,213,24
4.54,100.0,92.37613467687696,42.91961256036821,0.4558563216108485,1.0,0.4493628910609654,HF,0.75,0.4,0.0,0.18,0.5,0.06587475367954843,0.9341252463204516,0,0,3,15,158,435,223,18
4.55,93.41252463204516,92.5834126679106,47.78636251586981,0.427707352339351,1.0,0.42400727953229633,HF,0.75,0.4,0.0,0.18,0.5,0.7867980957031244,0.21320190429687558,6,0,0,14,203,491,204,21
4.5600000000000005,78.67980957031244,89.80269204839097,42.85961687421133,0.4391271276533651,1.0,0.4369256155831473,HF,0.75,0.4,0.0,0.18,0.5,0.0926997048514237,0.9073002951485762,0,1,6,8,183,428,212,17
4.57,90.73002951485762,89.9881595416843,43.80717718406224,0.39244405615067496,1.0,0.3903236389160156,HF,0.75,0.4,0.0,0.18,0.5,1.0,-0.18270612444196388,6,0,0,21,226,456,149,16
4.58,100.0,91.99052763334744,45.418940167295546,0.37227153271724756,1.0,0.3522976466587612,HF,0.75,0.4,0.0,0.18,0.5,1.0,-0.04354880196707556,0,6,0,39,277,457,135,0
4.59,100.0,93.59242210667796,43.77282478927441,0.3892726996919049,1.0,0.3915700912475586,HF,0.75,0.4,0.0,0.18,0.5,-0.36353203909737697,1.0,4,0,0,25,236,451,153,19
4.6000000000000005,100.0,94.87393768534237,44.568078959299534,0.3973325299084332,1.0,0.3639114924839565,HF,0.75,0.4,0.0,0.18,0.5,0.8522901807512553,0.1477098192487447,13,10,0,20,230,455,166,3
4.61,85.22901807512552,92.944953763299,45.13567702783388,0.3312675428450894,1.0,0.31079115186418804,HF,0.75,0.4,0.0,0.18,0.5,1.0,-0.3318496704101568,11,0,1,42,329,396,101,3
4.62,100.0,94.3559630106392,44.092727224816635,0.39912061227121676,1.0,0.3899613789149693,HF,0.75,0.4,0.0,0.18,0.5,-0.5,1.0,0,6,3,31,223,441,170,14
4.63,100.0,95.48477040851137,41.910125306646485,0.346586023719453,1.0,0.33479295458112446,HF,0.75,0.4,0.0,0.18,0.5,1.0,-0.3591144561767572,3,6,0,12,283,390,89,0
4.64,100.0,96.3878163268091,46.62796172039548,0.352566032544405,1.0,0.32546588352748324,HF,0.75,0.4,0.0,0.18,0.5,0.5377009255545487,0.46229907444545126,0,11,5,50,291,449,110,4
4.65,53.77009255545487,87.86427157253826,44.50276829246665,0.35499279757451996,1.0,0.33204637254987446,HF,0.75,0.4,0.0,0.18,0.5,0.24873264857700816,0.7512673514229918,0,4,6,52,283,422,121,0
4.66,75.12673514229918,85.31676428649044,47.96392153687307,0.3291083512419445,1.0,0.32481207166399273,HF,0.75,0.4,0.0,0.18,0.5,0.500292587280274,0.49970741271972596,0,0,7,47,337,456,99,4
4.67,50.0292587280274,78.25926317479784,46.30461230322046,0.294303906157244,1.0,0.293489864894322,HF,0.75,0.4,0.0,0.18,0.5,0.9464037758963444,0.053596224103655665,3,0,8,58,379,402,83,4
4.68,94.64037758963444,81.53548605776516,44.5373981141406,0.30740648400993303,1.0,0.2812448229108538,HF,0.75,0.4,0.0,0.18,0.5,0.6079128265380862,0.3920871734619138,11,0,0,61,338,383,70,0
4.69,60.79128265380862,77.38664537697385,44.83456995220701,0.3156483068992518,1.0,0.30105999537876676,HF,0.75,0.4,0.0,0.18,0.5,0.022902897426059665,0.9770971025739403,7,4,0,50,341,412,89,0
4.7,97.70971025739404,81.45125835305788,43.01426799782891,0.273582547602046,1.0,0.259235109601702,HF,0.75,0.4,0.0,0.18,0.5,1.0,-0.1491539001464851,5,4,7,72,380,339,66,1
4.71,100.0,85.16100668244631,43.78329847064133,0.30588757027106206,1.0,0.29950850350516184,HF,0.75,0.4,0.0,0.18,0.5,-0.34472449166434216,1.0,3,2,2,55,359,392,85,3
4.72,100.0,88.12880534595705,47.01431440119334,0.29579913839925864,1.0,0.313971791948591,HF,0.75,0.4,0.0,0.18,0.5,0.11407209123883899,0.885927908761161,0,0,1,40,379,396,91,3
4.73,88.5927908761161,88.22160245198884,42.62207316093008,0.2756980091842105,1.0,0.2663264955793108,HF,0.75,0.4,0.0,0.18,0.5,1.0,-0.2510847364153186,0,3,4,79,357,342,48,7
4.74,100.0,90.57728196159108,46.037742360880245,0.27772457807535106,1.0,0.2606156212942941,HF,0.75,0.4,0.0,0.18,0.5,0.49854948861258314,0.5014505113874169,0,3,15,73,391,363,58,2
4.75,50.14505113874169,82.49083579702122,47.20786709340381,0.25365490545003827,1.0,0.26059491293770926,HF,0.75,0.4,0.0,0.18,0.5,0.39613478524344364,0.6038652147565564,0,0,0,97,413,362,48,7
4.76,60.38652147565564,78.0699729327481,42.46000280521225,0.2629915029844869,1.0,0.26376220158168245,HF,0.75,0.4,0.0,0.18,0.5,0.33748392377580944,0.6625160762241906,5,3,0,81,364,325,61,7
4.7700000000000005,66.25160762241906,75.7062998706823,45.03036588508087,0.22081810336834976,1.0,0.21236392429896764,HF,0.75,0.4,0.0,0.18,0.5,1.0,-0.34022342136927963,5,0,0,123,432,304,28,0
4.78,100.0,80.56503989654584,45.55816771669037,0.23671388134391363,1.0,0.21055139814104354,HF,0.75,0.4,0.0,0.18,0.5,0.44840491158621637,0.5515950884137837,0,0,26,102,431,313,27,0
4.79,55.15950884137837,75.48393368551235,44.46879087942779,0.21332599038971856,1.0,0.20717675345284597,HF,0.75,0.4,0.0,0.18,0.5,0.47787290300641777,0.5221270969935823,0,2,5,112,436,266,17,6
4.8,52.21270969935823,70.82968888828152,46.01404054427071,0.21049315212058292,1.0,0.22498811994280135,MF,0.55,0.55,0.0,0.14,0.5,0.12689740317208398,0.873102596827916,0,0,4,116,443,293,45,0
4.8100000000000005,87.3102596827916,74.12580304718354,46.512976708632195,0.16355814040734967,1.0,0.15668201446533203,HF,0.75,0.4,0.0,0.18,0.5,1.0,-0.5,5,0,15,178,484,223,25,0
4.82,100.0,79.30064243774683,44.683389043980675,0.1882457763135586,1.0,0.1935586929321289,HF,0.75,0.4,0.0,0.18,0.5,-0.24120368957519533,1.0,0,0,8,149,448,258,33,0
4.83,100.0,83.44051395019747,46.737545001181545,0.15816954175559675,1.0,0.16122000558035715,HF,0.75,0.4,0.0,0.18,0.5,1.0,-0.017608370099748583,4,5,0,188,473,218,30,0
4.84,100.0,86.75241116015798,43.3872461417639,0.1732783757256577,1.0,0.15897260393415177,HF,0.75,0.4,0.0,0.18,0.5,0.4768641880580361,0.5231358119419639,5,0,19,162,422,222,17,4
4.8500000000000005,52.31358119419639,79.86464516696566,39.750365887251775,0.21251275846659243,1.0,0.1916795458112444,HC,0.65,0.45,0.0,0.16,0.5,-0.10956686564854223,1.0,4,1,15,129,393,258,31,0
4.86,100.0,83.89171613357253,44.048409111990196,0.1346835764394903,1.0,0.1405179841177804,HF,0.75,0.4,0.0,0.18,0.5,1.0,-0.36470091683523986,0,0,16,189,451,184,15,0
4.87,100.0,87.11337290685803,51.15372074036101,0.1679920181737566,1.0,0.1763010025024414,HF,0.75,0.4,0.0,0.18,0.5,-0.21461473192487446,1.0,0,2,8,184,509,262,18,8
4.88,100.0,89.69069832548642,46.987564429060875,0.15776814383509016,1.0,0.16255106244768416,HF,0.75,0.4,0.0,0.18,0.5,0.6824784960065566,0.3175215039934433,0,3,18,185,473,238,21,5
4.89,68.24784960065567,85.40212858052027,43.355847976344144,0.09532639691575323,1.0,0.10464715957641602,HF,0.75,0.4,0.0,0.18,0.5,1.0,-0.5,0,0,17,246,419,131,13,4
4.9,100.0,88.32170286441622,44.21624646922627,0.08870705714366647,1.0,0.08184351239885602,HF,0.75,0.4,0.0,0.18,0.5,0.8777282442365374,0.12227175576346261,0,0,33,267,434,127,10,0
4.91,87.77282442365374,88.21192717626371,43.963494722277595,0.12485224119093277,1.0,0.13868379592895508,HF,0.75,0.4,0.0,0.18,0.5,-0.5,1.0,6,1,8,216,456,170,23,10
4.92,100.0,90.56954174101098,48.32746566428695,0.09367629638458871,1.0,0.07381950105939593,HF,0.75,0.4,0.0,0.18,0.5,1.0,-0.5,4,11,33,273,478,157,0,0
4.93,100.0,92.45563339280879,47.19309423646051,0.03291774454731674,1.0,0.023612771715436662,HF,0.75,0.4,0.0,0.18,0.5,1.0,-0.39427601950509217,12,10,49,355,426,105,11,0
4.94,100.0,93.96450671424704,46.174524826928355,0.061754763430326515,1.0,0.04866218566894531,HF,0.75,0.4,0.0,0.18,0.5,0.029645674569266145,0.9703543254307339,0,0,53,314,435,106,2,3
4.95,97.03543254307338,94.5786918800123,45.48041168789245,0.08001411580708859,1.0,0.07448646000453404,HF,0.75,0.4,0.0,0.18,0.5,0.005368477957589213,0.9946315220424108,6,8,34,267,445,141,6,4
4.96,99.46315220424108,95.55558394485806,44.362503369507735,0.023405607747185475,1.0,0.037542683737618585,HF,0.75,0.4,0.0,0.18,0.5,1.0,-0.14997089930943086,0,4,49,339,384,92,0,11
4.97,100.0,96.44446715588644,48.05749570108182,0.03140422943294817,1.0,0.044471536363874166,HF,0.75,0.4,0.0,0.18,0.5,0.3574920381818499,0.6425079618181502,0,0,43,348,443,97,7,0
4.98,64.25079618181502,90.00573296107216,42.60406714156548,0.0397696912529849,1.0,0.05502040045601981,HF,0.75,0.4,0.0,0.18,0.5,0.28811228615897055,0.7118877138410294,2,0,49,321,388,91,5,19
4.99,71.18877138410295,86.24234064567831,40.80128747116195,0.02468190976120566,1.0,0.041716303144182475,HC,0.65,0.45,0.0,0.16,0.5,0.6940932205745152,0.3059067794254848,0,6,44,311,367,102,9,0
5.0,69.40932205745152,82.87573692803295,44.152480635954596,-0.00906828216767679,1.0,-0.006538050515311105,HF,0.75,0.4,0.0,0.18,0.5,1.0,-0.3711935860770088,0,0,79,365,364,66,0,0
5.01,100.0,86.30058954242637,48.19664361528206,0.0036535068046882873,1.0,0.01389305932181222,HF,0.75,0.4,0.0,0.18,0.5,0.12668279920305525,0.8733172007969447,0,0,72,390,386,92,3,3
5.0200000000000005,87.33172007969448,86.50681564987998,44.884184500246185,-0.03673043173855107,1.0,-0.036117349352155416,HF,0.75,0.4,0.0,0.18,0.5,1.0,-0.4146342958722796,0,0,112,398,320,45,11,0
5.03,100.0,89.20545251990399,42.52772840793907,-0.00793838151223579,1.0,-0.0082723753792899,HF,0.75,0.4,0.0,0.18,0.5,0.00209941864013663,0.9979005813598634,5,6,75,379,361,55,14,3
5.04,99.79005813598634,91.32237364312046,45.9981916322755,-0.07784726135088837,1.0,-0.07284770693097796,HF,0.75,0.4,0.0,0.18,0.5,1.0,-0.5,0,0,138,459,267,33,9,0
5.05,100.0,93.05789891449636,46.458127290004725,-0.047928149959181564,1.0,-0.04285717010498047,HF,0.75,0.4,0.0,0.18,0.5,-0.022686794825962697,1.0,2,2,96,424,331,45,0,0
5.0600000000000005,100.0,94.4463191315971,44.389622309038494,-0.044929084613428816,1.0,-0.035192012786865234,HF,0.75,0.4,0.0,0.18,0.5,0.37610397338867185,0.6238960266113281,0,0,105,409,315,57,1,2
5.07,62.38960266113281,88.03497583750423,42.64215301740335,-0.0811362106176411,1.0,-0.05966193335396903,HF,0.75,0.4,0.0,0.18,0.5,0.9643233435494558,0.03567665645054413,4,0,126,420,260,38,3,11
5.08,96.43233435494558,89.71444754099251,43.01282096881193,-0.08485294250959413,1.0,-0.08144501277378627,HF,0.75,0.4,0.0,0.18,0.5,0.9246734346662249,0.07532656533377519,0,0,137,443,257,32,1,0
5.09,92.46734346662248,90.26502672611849,41.35847944439597,-0.11246218904409887,1.0,-0.1258047648838588,HC,0.65,0.45,0.0,0.16,0.5,1.0,-0.266368177958897,0,23,149,416,222,11,0,0
5.1000000000000005,100.0,92.2120213808948,47.05753798284696,-0.0990286424218299,1.0,-0.10486486979893275,HF,0.75,0.4,0.0,0.18,0.5,0.16502783639090424,0.8349721636090958,2,10,159,473,254,27,0,0
5.11,83.49721636090958,90.46906037689774,44.038704117023514,-0.06892445379053941,1.0,-0.0572730473109654,HF,0.75,0.4,0.0,0.18,0.5,-0.3337435858590262,1.0,0,0,117,429,296,30,0,6
5.12,100.0,92.3752483015182,42.2388025882007,-0.13901296496101032,1.0,-0.14044461931501115,HF,0.75,0.4,0.0,0.18,0.5,1.0,-0.5,0,13,187,426,187,15,1,0
5.13,100.0,93.90019864121456,45.87201155044516,-0.12391290997731519,1.0,-0.12078210285731725,HF,0.75,0.4,0.0,0.18,0.5,0.19438754490443666,0.8056124550955633,3,16,167,467,228,25,0,0
5.14,80.56124550955633,91.2324080148829,43.8517986494328,-0.1404775382759542,1.0,-0.1412356240408761,HF,0.75,0.4,0.0,0.18,0.5,0.92465763092041,0.07534236907959002,8,11,197,449,194,14,6,2
5.15,92.465763092041,91.47907903031452,49.55165085529528,-0.17857705715218458,1.0,-0.16273042133876256,HF,0.75,0.4,0.0,0.18,0.5,0.951998519897461,0.04800148010253896,4,21,258,500,175,34,0,0
5.16,95.1998519897461,92.22323362220084,45.54602143498877,-0.21325727767648267,1.0,-0.21586602074759348,HF,0.75,0.4,0.0,0.18,0.5,1.0,-0.5,0,34,294,450,121,5,0,0
5.17,100.0,93.77858689776068,45.61978955876127,-0.20736798126972542,1.0,-0.21083852222987584,HF,0.75,0.4,0.0,0.18,0.5,0.49384043557303287,0.5061595644269672,0,24,285,461,121,0,0,0
5.18,50.61595644269672,85.14606080674788,45.4373186135146,-0.20084926448142962,1.0,-0.18783657891409739,HF,0.75,0.4,0.0,0.18,0.5,0.16109965188162678,0.8389003481183732,0,33,280,433,134,9,0,13
5.19,83.89003481183732,84.89485560776576,43.72918023954253,-0.20266519555924478,1.0,-0.18964079448154994,HF,0.75,0.4,0.0,0.18,0.5,0.608332198006766,0.39166780199323403,5,25,249,427,138,4,0,7
5.2,60.833219800676595,80.08252844634794,44.3384502079539,-0.22184427569506748,1.0,-0.2294182096208845,HF,0.75,0.4,0.0,0.18,0.5,1.0,-0.3077607563563758,2,43,310,431,124,1,0,0
5.21,100.0,84.06602275707836,45.214339830519194,-0.24289380999037752,1.0,-0.2457398005894252,HF,0.75,0.4,0.0,0.18,0.5,0.8920845576695029,0.10791544233049705,0,49,326,421,101,0,0,0
5.22,89.2084557669503,85.09450935905275,48.56955007837019,-0.23061360051788823,1.0,-0.21802963529314315,HF,0.75,0.4,0.0,0.18,0.5,0.08842887878418015,0.9115711212158198,0,36,354,450,114,8,4,7
5.23,91.15711212158199,86.3070299115586,48.615217015538526,-0.2301910817775924,1.0,-0.21698529379708426,HF,0.75,0.4,0.0,0.18,0.5,0.5679959705897737,0.43200402941022636,0,42,333,476,106,15,1,6
5.24,56.79959705897737,80.40554334104236,44.796010566728135,-0.2664633529760886,1.0,-0.2682926995413644,HF,0.75,0.4,0.0,0.18,0.5,1.0,-0.5,7,62,357,391,76,0,6,3
5.25,100.0,84.32443467283389,43.06843473427208,-0.2695519954010019,1.0,-0.241426876613072,HF,0.75,0.4,0.0,0.18,0.5,0.11298593793596512,0.8870140620640349,0,45,332,364,72,0,0,16
5.26,88.70140620640349,85.19982897954782,47.50508146205846,-0.2833888660851993,1.0,-0.2795811380658831,HF,0.75,0.4,0.0,0.18,0.5,1.0,-0.2986091613769528,4,74,400,389,83,0,0,5
5.2700000000000005,100.0,88.15986318363825,47.58151684824486,-0.22493743279615921,1.0,-0.23439666203090123,HF,0.75,0.4,0.0,0.18,0.5,-0.21956190381731278,1.0,0,46,313,460,108,0,0,0
5.28,100.0,90.5278905469106,43.71783746692329,-0.2722581559931607,1.0,-0.269805908203125,HF,0.75,0.4,0.0,0.18,0.5,1.0,-0.24528879438127782,10,64,360,379,65,13,0,7
5.29,100.0,92.42231243752848,48.14746843311021,-0.28490320391009843,1.0,-0.26891633442470003,HF,0.75,0.4,0.0,0.18,0.5,0.5915542057582306,0.4084457942417694,0,65,408,398,75,8,5,2
5.3,59.15542057582306,85.7689340651874,44.58266325755907,-0.3087400218049376,1.0,-0.3159494400024414,HF,0.75,0.4,0.0,0.18,0.5,1.0,-0.47297567640032123,10,87,391,351,54,0,0,0
5.3100000000000005,100.0,88.61514725214992,44.45517996679263,-0.28611198677931393,1.0,-0.2863818577357701,HF,0.75,0.4,0.0,0.18,0.5,0.08233626229422403,0.9176637377057759,0,69,363,365,55,0,0,4
5.32,91.76637377057759,89.24539255583547,45.44656182651074,-0.34290271803567035,1.0,-0.3479287964957101,HF,0.75,0.4,0.0,0.18,0.5,1.0,-0.5,14,113,432,307,36,2,3,0
5.33,100.0,91.39631404466837,43.92247832530781,-0.3320295477736569,1.0,-0.33157375880650114,HF,0.75,0.4,0.0,0.18,0.5,0.3382388251168388,0.6617611748831612,6,108,401,306,39,0,0,6
5.34,66.17611748831612,86.35227473339793,42.89232900927131,-0.32621642411779095,1.0,-0.3205822535923549,HF,0.75,0.4,0.0,0.18,0.5,0.43038580758231015,0.5696141924176898,0,88,391,323,42,0,0,0
5.3500000000000005,56.961419241768986,80.47410363507215,46.22754171157982,-0.33495140767671344,1.0,-0.3456828934805734,HF,0.75,0.4,0.0,0.18,0.5,1.0,-0.09008467538016196,6,116,427,330,31,0,0,0
5.36,100.0,84.37928290805773,44.90747756546732,-0.3477116536917749,1.0,-0.32408898217337473,HF,0.75,0.4,0.0,0.18,0.5,0.2409451893397737,0.7590548106602263,6,107,427,285,49,0,0,12
5.37,75.90548106602263,82.68452253965071,42.515506932901545,-0.3798838662893575,1.0,-0.3553198405674526,HF,0.75,0.4,0.0,0.18,0.5,1.0,-0.20428338732038231,0,136,427,249,46,0,4,0
5.38,100.0,86.14761803172057,43.827169702222456,-0.37699152392358154,1.0,-0.3707829202924456,HF,0.75,0.4,0.0,0.18,0.5,0.9266486031668523,0.07335139683314773,0,151,442,254,38,0,0,0
5.39,92.66486031668522,87.4510664887135,43.60117091975342,-0.3684321189541161,1.0,-0.3578860419137137,HF,0.75,0.4,0.0,0.18,0.5,0.4110106059483116,0.5889893940516884,8,130,418,270,31,6,0,2
5.4,58.89893940516884,81.74064107200456,42.62446952016494,-0.3865294451093224,1.0,-0.3759755407060896,HF,0.75,0.4,0.0,0.18,0.5,0.9760011945452015,0.02399880545479849,13,144,421,236,11,9,0,8
5.41,97.60011945452015,84.91253674850768,43.946936625807915,-0.39581940064670185,1.0,-0.3944315229143415,HF,0.75,0.4,0.0,0.18,0.5,0.9899802889142718,0.010019711085728189,4,164,438,237,19,0,0,0
5.42,98.99802889142718,87.72963517709158,45.06780544736468,-0.4157703684403767,1.0,-0.4134007862636021,HF,0.75,0.4,0.0,0.18,0.5,1.0,-0.006807054792131284,20,182,458,218,26,0,0,0
5.43,100.0,90.18370814167326,43.62790048592964,-0.41077193653218197,1.0,-0.40125083923339844,HF,0.75,0.4,0.0,0.18,0.5,0.4418012891496934,0.5581987108503066,13,169,450,207,18,9,2,0
5.44,55.819871085030655,83.31094073034474,43.796111116129644,-0.4174109433308286,1.0,-0.4026276724679129,HF,0.75,0.4,0.0,0.18,0.5,0.6858340672084259,0.3141659327915741,6,175,453,203,6,14,2,0
5.45,68.58340672084259,80.36543392844432,44.116302145518354,-0.40870264239815024,1.0,-0.4147205352783203,HF,0.75,0.4,0.0,0.18,0.5,0.8835597446986612,0.11644025530133884,25,163,457,228,14,0,0,0
5.46,88.35597446986611,81.96354203672868,44.92682005131414,-0.40375942016366234,1.0,-0.40375511986868723,HF,0.75,0.4,0.0,0.18,0.5,0.4641245705740794,0.5358754294259206,20,163,440,227,23,2,0,0
5.47,53.58754294259206,76.28834221790136,48.03088961670449,-0.4152106214359936,1.0,-0.3975543975830078,HF,0.75,0.4,0.0,0.18,0.5,0.5474087578909737,0.45259124210902635,11,191,489,241,18,0,0,8
5.48,54.740875789097366,71.97884893214055,48.91967450948935,-0.4195898715068645,1.0,-0.4151084763663156,HF,0.75,0.4,0.0,0.18,0.5,0.9820168086460663,0.01798319135393367,16,204,480,232,20,3,0,0
5.49,98.20168086460663,77.22341531863377,44.17795012699366,-0.41379381500759305,1.0,-0.4018360546657017,HF,0.75,0.4,0.0,0.18,0.5,0.4218308312552309,0.5781691687447691,9,194,454,201,17,0,0,12
5.5,57.81691687447691,73.3421156298024,46.40628508444001,-0.4290572131920095,1.0,-0.4295270102364676,HF,0.75,0.4,0.0,0.18,0.5,1.0,-0.17024800436837317,17,193,470,210,7,0,0,0
5.51,100.0,78.67369250384192,45.27112683282942,-0.4305208919758356,1.0,-0.4310998576028006,HF,0.75,0.4,0.0,0.18,0.5,0.7007511956351145,0.2992488043648856,21,203,472,184,19,5,0,0
5.5200000000000005,70.07511956351145,76.95397791577582,43.5081157470488,-0.4635709393091942,1.0,-0.46173170634678434,HF,0.75,0.4,0.0,0.18,0.5,1.0,-0.2360659599304208,28,227,432,148,18,0,0,0
5.53,100.0,81.56318233262066,47.58412066865304,-0.4704556849470288,1.0,-0.4646554333823068,HF,0.75,0.4,0.0,0.18,0.5,0.7384892599923271,0.26151074000767294,37,265,476,180,1,0,0,7
5.54,73.8489259992327,80.02033106594307,48.37837786730336,-0.4270938088369316,1.0,-0.4086242403302874,HF,0.75,0.4,0.0,0.18,0.5,-0.3451117788042346,1.0,26,209,491,201,33,4,0,10
5.55,100.0,84.01626485275446,43.05447096648,-0.457272508541438,1.0,-0.4426229340689523,HF,0.75,0.4,0.0,0.18,0.5,1.0,-0.28902566092354975,19,227,436,147,11,8,0,6
5.5600000000000005,100.0,87.21301188220357,42.908941028651896,-0.47074052476865313,1.0,-0.45295766421726774,HF,0.75,0.4,0.0,0.18,0.5,0.8672082083565849,0.13279179164341515,19,243,431,150,17,5,2,0
5.57,86.72082083565849,87.11457367289455,44.9944277786662,-0.4855903536532017,1.0,-0.4925473076956613,HF,0.75,0.4,0.0,0.18,0.5,1.0,-0.4096325056893485,27,265,437,121,2,1,0,0
5.58,100.0,89.69165893831564,48.80053684862193,-0.4590889182140103,1.0,-0.4435032435825893,HF,0.75,0.4,0.0,0.18,0.5,-0.20539185660226011,1.0,37,257,503,171,6,0,9,12
5.59,100.0,91.75332715065251,43.89364550930546,-0.48916442153760087,1.0,-0.4835292271205357,HF,0.75,0.4,0.0,0.18,0.5,1.0,-0.41387939453124944,24,269,441,116,10,0,0,3
5.6000000000000005,100.0,93.402661720522,44.62359512245436,-0.49061203099625283,1.0,-0.48571429933820454,HF,0.75,0.4,0.0,0.18,0.5,0.7336170196533209,0.26638298034667907,29,280,442,132,0,0,7,0
5.61,73.36170196533209,89.39446976948403,46.31906293917827,-0.45759042247655973,1.0,-0.4664755548749651,HF,0.75,0.4,0.0,0.18,0.5,0.3402928216116765,0.6597071783883235,30,240,465,149,10,0,3,0
5.62,65.97071783883234,84.70971938335369,44.35922988112641,-0.5328204934672375,1.0,-0.5149575982775006,HF,0.75,0.4,0.0,0.18,0.5,1.0,-0.5,40,326,419,93,6,7,0,2
5.63,100.0,87.76777550668295,43.51901978733568,-0.4841855405665429,1.0,-0.4696204662322998,HF,0.75,0.4,0.0,0.18,0.5,-0.1282201903206952,1.0,29,260,424,139,24,0,0,1
5.64,100.0,90.21422040534637,46.572812423991635,-0.5168664144903656,1.0,-0.47691355432782856,HF,0.75,0.4,0.0,0.18,0.5,0.822041007450649,0.177958992549351,20,329,445,98,0,12,11,7
5.65,82.2041007450649,88.61219647329007,44.64777513208028,-0.5081595401068886,1.0,-0.49174281529017855,HF,0.75,0.4,0.0,0.18,0.5,0.9636238234383712,0.03637617656162878,36,303,420,108,13,0,11,0
5.66,96.36238234383711,90.16223364739947,44.89044327932235,-0.5323681794587771,1.0,-0.5078277928488595,HF,0.75,0.4,0.0,0.18,0.5,0.9926607131958006,0.007339286804199374,48,314,406,84,9,5,0,10
5.67,99.26607131958006,91.98300118183559,49.994830252839705,-0.5170638297093413,1.0,-0.5059760979243687,HF,0.75,0.4,0.0,0.18,0.5,0.6690599305289135,0.33094006947108645,40,364,461,120,7,10,2,0
5.68,66.90599305289136,86.96759955604674,43.09763125922409,-0.5288544835345828,1.0,-0.5215228966304234,HF,0.75,0.4,0.0,0.18,0.5,0.9884515353611537,0.01154846463884629,36,309,392,82,14,0,0,0
5.69,98.84515353611538,89.34311035206046,45.13674313193532,-0.5609582268536015,1.0,-0.5501587390899658,HF,0.75,0.4,0.0,0.18,0.5,1.0,-0.23550865990775005,65,353,398,80,0,0,0,4
5.7,100.0,91.47448828164838,44.9490117428296,-0.5343664177050824,1.0,-0.5067873341696603,HF,0.75,0.4,0.0,0.18,0.5,-0.07797035489763593,1.0,49,324,406,77,11,2,0,15
5.71,100.0,93.17959062531871,45.17403296078477,-0.5547307466167358,1.0,-0.5504341125488281,HF,0.75,0.4,0.0,0.18,0.5,1.0,-0.5,66,358,395,76,6,0,4,0
5.72,100.0,94.54367250025497,44.13225307404162,-0.5035464904083687,1.0,-0.5054421765463692,HF,0.75,0.4,0.0,0.18,0.5,-0.10767797742571206,1.0,29,280,422,108,0,0,1,0
5.73,100.0,95.63493800020397,44.710242876104225,-0.54111438052584,1.0,-0.530407020023891,HF,0.75,0.4,0.0,0.18,0.5,1.0,-0.161529990604947,60,334,396,86,8,11,0,0
5.74,100.0,96.50795040016318,45.67671488387192,-0.5658230493446982,1.0,-0.5637375286647252,HF,0.75,0.4,0.0,0.18,0.5,1.0,-0.3254441670009056,66,360,370,76,0,1,0,0
5.75,100.0,97.20636032013056,44.909491396071324,-0.574647268897078,1.0,-0.5672173500061035,HF,0.75,0.4,0.0,0.18,0.5,0.7895237241472519,0.21047627585274803,82,364,366,58,6,0,0,6
5.76,78.95237241472519,93.55556273904948,45.058861183355106,-0.5436903126401278,1.0,-0.5319009508405413,HF,0.75,0.4,0.0,0.18,0.5,0.07706519535609746,0.9229348046439025,45,330,402,85,8,0,1,0
5.7700000000000005,92.29348046439026,93.30314628411763,48.77687387922851,-0.5613769012370082,1.0,-0.5547271115439278,HF,0.75,0.4,0.0,0.18,0.5,1.0,-0.13276173727852814,73,385,418,71,6,0,0,5
5.78,100.0,94.6425170272941,42.53491937755944,-0.5758882936146581,1.0,-0.5598101615905762,HF,0.75,0.4,0.0,0.18,0.5,0.8154189654759004,0.18458103452409957,71,373,346,67,1,15,0,0
5.79,81.54189654759004,92.0223929313533,41.74891193287588,-0.6164803890383382,1.0,-0.587451526096889,HF,0.75,0.4,0.0,0.18,0.5,1.0,-0.2325251715523865,95,388,294,41,25,0,4,0
5.8,100.0,93.61791434508264,45.59046515008121,-0.5753147092863378,1.0,-0.5451770509992327,HF,0.75,0.4,0.0,0.18,0.5,-0.042869731358119445,1.0,69,396,382,68,0,0,21,0
5.8100000000000005,100.0,94.89433147606611,47.20643514410732,-0.5459692259820403,1.0,-0.5460702351161412,HF,0.75,0.4,0.0,0.18,0.5,0.734505408150808,0.265494591849192,59,353,399,95,0,1,0,0
5.82,73.4505408150808,90.60557334386905,45.067438109802104,-0.5737574710919118,1.0,-0.5577611582619804,HF,0.75,0.4,0.0,0.18,0.5,0.9335410799298977,0.06645892007010235,61,385,366,54,1,0,1,10
5.83,93.35410799298977,91.1552802736932,44.52710232652828,-0.5859123824293483,1.0,-0.5706159727913993,HF,0.75,0.4,0.0,0.18,0.5,0.9596330506461007,0.040366949353899284,68,390,354,56,0,11,0,0
5.84,95.96330506461007,92.11688523187658,45.716689022152,-0.6119171881754295,1.0,-0.5834535871233258,HF,0.75,0.4,0.0,0.18,0.5,0.9644584928240081,0.035541507175991915,86,402,336,43,24,0,0,0
5.8500000000000005,96.44584928240081,92.98267804198143,45.48626931027698,-0.6019373965475362,1.0,-0.6113226413726807,HF,0.75,0.4,0.0,0.18,0.5,1.0,-0.24617203303745905,95,400,330,38,0,0,0,0
5.86,100.0,94.38614243358515,47.48681159437432,-0.5726069971632359,1.0,-0.571744612285069,HF,0.75,0.4,0.0,0.18,0.5,0.01629332133701783,0.9837066786629822,70,380,387,67,0,0,0,0
5.87,98.37066786629822,95.18304752012776,43.72891780236888,-0.5977279368744377,1.0,-0.5915516444614956,HF,0.75,0.4,0.0,0.18,0.5,1.0,-0.09314723696027594,86,381,343,44,0,3,0,2
5.88,100.0,96.14643801610221,40.19266279779894,-0.578869931775598,1.0,-0.5741653101784843,HC,0.65,0.45,0.0,0.16,0.5,0.4801930410521374,0.5198069589478627,71,328,313,71,0,0,0,0
5.89,51.980695894786265,87.31328959183902,44.544560770328495,-0.5973369045451321,1.0,-0.5603644507271903,HF,0.75,0.4,0.0,0.18,0.5,0.47573031016758516,0.5242696898324148,74,383,343,62,0,8,0,8
5.9,52.42696898324149,80.33602547011952,44.85955927696477,-0.6671280681560463,1.0,-0.6450412614004952,HF,0.75,0.4,0.0,0.18,0.5,1.0,-0.5,144,456,247,23,0,0,13,0
5.91,100.0,84.26882037609562,46.0114708649456,-0.6235650694998659,1.0,-0.616032430103847,HF,0.75,0.4,0.0,0.18,0.5,0.22425400870187084,0.7757459912981292,118,435,315,36,7,0,5,0
5.92,77.57459912981291,82.92997612683908,47.50456732391328,-0.6238709345758161,1.0,-0.6055734157562256,HF,0.75,0.4,0.0,0.18,0.5,0.5539671080453047,0.4460328919546953,117,447,313,37,6,1,9,3
5.93,55.39671080453047,77.42332306237736,43.06659621859468,-0.6484057495997648,1.0,-0.5830204146248954,HF,0.75,0.4,0.0,0.18,0.5,0.32725414548601484,0.6727458545139852,123,402,280,34,10,0,9,17
5.94,67.27458545139852,75.3935755401816,42.358243289245365,-0.6225697208985536,1.0,-0.6027373926980155,HF,0.75,0.4,0.0,0.18,0.5,1.0,-0.09600056239536836,99,384,297,46,0,9,0,0
5.95,100.0,80.31486043214528,45.2731947911775,-0.6431329322802386,1.0,-0.5996260983603341,HF,0.75,0.4,0.0,0.18,0.5,0.683847141265868,0.316152858734132,118,446,292,41,0,4,0,16
5.96,68.3847141265868,77.92883117103358,43.37490845975603,-0.607310753296037,1.0,-0.5811277457645961,HF,0.75,0.4,0.0,0.18,0.5,0.39948075158255525,0.6005192484174448,90,383,329,48,8,9,2,0
5.97,60.05192484174447,74.35344990517575,46.9514267553385,-0.6553141731014516,1.0,-0.6311069897242955,HF,0.75,0.4,0.0,0.18,0.5,1.0,-0.5,146,446,285,26,13,4,1,3
5.98,100.0,79.4827599241406,43.00311829424656,-0.6289163184001696,1.0,-0.6280137811388288,HF,0.75,0.4,0.0,0.18,0.5,0.6955277579171311,0.3044722420828689,121,411,303,33,0,0,3,0
5.99,69.5527757917131,77.4967630976551,46.07553638073697,-0.6614482194186758,1.0,-0.6388022559029716,HF,0.75,0.4,0.0,0.18,0.5,0.949713448115759,0.050286551884241026,136,462,276,30,9,0,3,0
6.0,94.9713448115759,80.99167944043927,59.77183728353383,-0.6865340953711435,1.0,-0.6637645448957171,HF,0.75,0.4,0.0,0.18,0.5,1.0,-0.2148270198277068,214,602,305,35,0,0,9,0
6.01,100.0,84.79334355235142,61.882559145790744,-0.656471375597985,1.0,-0.6328502382550921,HF,0.75,0.4,0.0,0.18,0.5,0.19668257577078685,0.8033174242292132,188,620,374,34,18,1,0,7
6.0200000000000005,80.33174242292131,83.90102332646539,62.49890189186014,-0.6490532863182865,1.0,-0.6446328163146973,HF,0.75,0.4,0.0,0.18,0.5,0.9699395315987716,0.0300604684012285,199,609,384,46,9,0,0,0
6.03,96.99395315987715,86.51960929314775,58.732154081881426,-0.6573210105508864,1.0,-0.634603466306414,HF,0.75,0.4,0.0,0.18,0.5,0.573313086373466,0.426686913626534,182,573,338,39,7,0,6,6
6.04,57.3313086373466,80.68194916198752,63.90817020431326,-0.6163934816468342,1.0,-0.6097997597285679,HF,0.75,0.4,0.0,0.18,0.5,0.2974531854901986,0.7025468145098014,160,589,454,61,1,12,0,0
6.05,70.25468145098014,78.59649561978604,64.75436187300912,-0.6124543126937118,1.0,-0.572185584477016,HF,0.75,0.4,0.0,0.18,0.5,0.05181907926287088,0.9481809207371291,137,601,469,79,2,8,21,4
6.0600000000000005,94.81809207371292,81.84081491057141,62.09865633158969,-0.6106521037670981,1.0,-0.5966521331242153,HF,0.75,0.4,0.0,0.18,0.5,1.0,-0.179058728899274,129,587,452,64,0,8,6,0
6.07,100.0,85.47265192845713,63.152902690244844,-0.6476726984957661,1.0,-0.6308671406337193,HF,0.75,0.4,0.0,0.18,0.5,1.0,-0.36821699142456,180,620,407,40,0,0,0,10
6.08,100.0,88.3781215427657,65.09727859004808,-0.6036525106297762,1.0,-0.604224579674857,HF,0.75,0.4,0.0,0.18,0.5,0.2621237346104213,0.7378762653895787,141,587,484,71,0,0,2,0
6.09,73.78762653895788,85.46002254200413,63.49072144815575,-0.6008962558285054,1.0,-0.5950849737439837,HF,0.75,0.4,0.0,0.18,0.5,0.5735210827418747,0.42647891725812526,124,561,478,80,0,0,1,0
6.1000000000000005,57.35210827418747,79.8384396884408,60.824287390184,-0.5910186069195166,1.0,-0.5681282452174595,HF,0.75,0.4,0.0,0.18,0.5,0.24203018460954828,0.7579698153904517,101,534,466,86,21,0,4,0
6.11,75.79698153904518,79.03014805856168,64.08190834759557,-0.6139536005697844,1.0,-0.6068863187517438,HF,0.75,0.4,0.0,0.18,0.5,1.0,-0.44039985111781466,144,583,457,57,8,0,4,0
6.12,100.0,83.22411844684935,61.77105525640228,-0.5788634319665419,1.0,-0.5606882912772042,HF,0.75,0.4,0.0,0.18,0.5,-0.10728917803083104,1.0,95,524,512,82,12,12,0,0
6.13,100.0,86.57929475747947,62.60392180034353,-0.5860880314343425,1.0,-0.5793459415435791,HF,0.75,0.4,0.0,0.18,0.5,1.0,-0.06757608141217974,124,540,489,74,11,0,0,7
6.140000000000001,100.0,89.26343580598358,61.03148329613834,-0.5695294129950709,1.0,-0.5657614980425153,HF,0.75,0.4,0.0,0.18,0.5,0.4817846161978577,0.5182153838021424,91,508,513,93,3,0,0,2
6.15,51.821538380214236,81.7750563208297,65.78438352166613,-0.5799039212974832,1.0,-0.5742035593305316,HF,0.75,0.4,0.0,0.18,0.5,0.8816385269165057,0.11836147308349432,102,551,536,97,1,0,0,0
6.16,88.16385269165056,83.05281559499387,62.286853133714985,-0.5385633357314845,1.0,-0.5234977858407157,HF,0.75,0.4,0.0,0.18,0.5,-0.2033048084803991,1.0,60,450,574,121,14,0,0,3
6.17,100.0,86.4422524759951,60.23200228650712,-0.5472513031667975,1.0,-0.5229291575295585,HF,0.75,0.4,0.0,0.18,0.5,0.6989363534109934,0.30106364658900664,71,451,535,111,3,0,12,7
6.18,69.89363534109934,83.13252904901596,63.92831176834396,-0.5500579781437499,1.0,-0.5272482463291713,HF,0.75,0.4,0.0,0.18,0.5,0.7886428969246998,0.2113571030753002,66,510,561,111,7,9,0,10
6.19,78.86428969246998,82.27888117770675,64.16599987703374,-0.5596619676548819,1.0,-0.562305109841483,HF,0.75,0.4,0.0,0.18,0.5,1.0,-0.35594558715820257,83,520,527,107,0,0,0,0
6.2,100.0,85.8231049421654,60.895477495774784,-0.554396638952415,1.0,-0.5599396569388253,HF,0.75,0.4,0.0,0.18,0.5,0.6813977105276923,0.31860228947230773,98,493,519,120,0,1,0,0
6.21,68.13977105276922,82.28643816428617,63.96770468721229,-0.5243861006424304,1.0,-0.5127819606236049,HF,0.75,0.4,0.0,0.18,0.5,-0.14372574942452465,1.0,59,440,588,132,6,0,0,10
6.22,100.0,85.82915053142894,64.39859914584318,-0.5221263059902254,1.0,-0.5189957618713379,HF,0.75,0.4,0.0,0.18,0.5,0.8194467272077285,0.1805532727922715,61,464,606,146,0,3,6,0
6.23,81.94467272077284,85.05225496929772,62.58240551027607,-0.5234520253535525,1.0,-0.5166647093636649,HF,0.75,0.4,0.0,0.18,0.5,0.6647069386073527,0.33529306139264725,59,419,581,151,1,0,0,2
6.24,66.47069386073528,81.33594274758524,61.566953604927654,-0.5297837814249861,1.0,-0.5168539455958775,HF,0.75,0.4,0.0,0.18,0.5,0.7101478304181772,0.2898521695818228,74,450,561,138,10,5,0,8
6.25,71.01478304181772,79.27171080643173,60.86060207414854,-0.5130880161739012,1.0,-0.520744936806815,HF,0.75,0.4,0.0,0.18,0.5,0.778335816519601,0.22166418348039896,74,412,575,133,18,0,0,0
6.26,77.8335816519601,78.9840849755374,64.83282358340058,-0.48550857561700267,1.0,-0.4697355202266148,HF,0.75,0.4,0.0,0.18,0.5,-0.23027529035295757,1.0,41,388,636,198,11,7,7,3
6.2700000000000005,100.0,83.18726798042992,61.2753048849078,-0.4812833418580706,1.0,-0.475398131779262,HF,0.75,0.4,0.0,0.18,0.5,0.7920862606593542,0.20791373934064578,38,349,605,192,18,0,0,0
6.28,79.20862606593542,82.39153959753102,62.2269120801131,-0.48764882360637635,1.0,-0.48299319403512136,HF,0.75,0.4,0.0,0.18,0.5,0.8299083982195173,0.17009160178048266,49,382,609,181,2,5,11,0
6.29,82.99083982195174,82.51139964241516,61.51713887055001,-0.4573697788144528,1.0,-0.462658303124564,HF,0.75,0.4,0.0,0.18,0.5,0.31903528485979343,0.6809647151402065,34,321,614,231,7,0,0,0
6.3,68.09647151402065,79.62841401673624,61.556800611229924,-0.5109534890921783,1.0,-0.5119437830788749,HF,0.75,0.4,0.0,0.18,0.5,1.0,-0.5,60,419,571,163,1,6,0,0
6.3100000000000005,100.0,83.702731213389,61.62980470115756,-0.4534026074881708,1.0,-0.43269232341221403,HF,0.75,0.4,0.0,0.18,0.5,-0.40692307063511446,1.0,18,316,635,238,34,0,7,0
6.32,100.0,86.9621849707112,64.46681215270534,-0.4733873910647082,1.0,-0.4651267187935965,HF,0.75,0.4,0.0,0.18,0.5,1.0,-0.26986980438232333,34,372,642,202,8,5,11,0
6.33,100.0,89.56974797656896,64.63639413446805,-0.4960566401566069,1.0,-0.48989217621939524,HF,0.75,0.4,0.0,0.18,0.5,1.0,-0.14173510415213508,44,401,629,182,15,0,1,0
6.34,100.0,91.65579838125517,60.1482201922177,-0.46689100613988427,1.0,-0.46005044664655415,HF,0.75,0.4,0.0,0.18,0.5,0.1468690463474821,0.8531309536525179,31,325,606,208,9,10,0,0
6.3500000000000005,85.31309536525178,90.38725777805449,67.55992724844711,-0.4811607934801612,1.0,-0.4710512161254883,HF,0.75,0.4,0.0,0.18,0.5,0.8864343370710097,0.11356566292899023,32,400,655,209,29,0,0,0
6.36,88.64343370710097,90.03849296386379,63.79671913669397,-0.4337411390741207,1.0,-0.43035575321742464,HF,0.75,0.4,0.0,0.18,0.5,-0.06037603105817557,1.0,19,294,663,286,19,0,0,0
6.37,100.0,92.03079437109103,61.48212240684322,-0.4558755299655036,1.0,-0.45148355620247976,HF,0.75,0.4,0.0,0.18,0.5,1.0,-0.060893876211984166,38,325,622,237,18,0,7,0
6.38,100.0,93.62463549687283,66.11562235419552,-0.4768076545421264,1.0,-0.45993294034685406,HF,0.75,0.4,0.0,0.18,0.5,0.836062090737479,0.16393790926252105,35,376,663,223,12,0,6,6
6.390000000000001,83.60620907374789,91.62095021224783,58.11628268124119,-0.4440694070963972,1.0,-0.42731053488595144,HF,0.75,0.4,0.0,0.18,0.5,0.08372091565813367,0.9162790843418663,11,274,585,239,17,0,7,0
6.4,91.62790843418664,91.6223418566356,62.660227580941886,-0.4562535547006865,1.0,-0.45044428961617605,HF,0.75,0.4,0.0,0.18,0.5,1.0,-0.09658530099051343,27,326,640,243,15,2,0,1
6.41,100.0,93.29787348530849,62.87897209601702,-0.43793894802363464,1.0,-0.4267116274152483,HF,0.75,0.4,0.0,0.18,0.5,0.2434967313494001,0.7565032686505999,10,294,645,256,9,12,3,0
6.42,75.65032686506,89.76836416125879,59.725934233705026,-0.4484210819548317,1.0,-0.43736628123692106,HF,0.75,0.4,0.0,0.18,0.5,0.8667302812848778,0.13326971871512217,36,295,604,236,9,12,10,0
6.43,86.67302812848779,89.14929695470458,60.74265950593828,-0.4803653154910899,1.0,-0.470120974949428,HF,0.75,0.4,0.0,0.18,0.5,1.0,-0.27763287680489623,26,342,605,188,0,0,4,4
6.44,100.0,91.31943756376367,58.20065943828224,-0.4265848150640578,1.0,-0.42505339213779997,HF,0.75,0.4,0.0,0.18,0.5,-0.1411951337541847,1.0,8,260,601,252,14,0,0,2
6.45,100.0,93.05555005101094,61.45431090731974,-0.4006251634141237,1.0,-0.39501517159598215,HF,0.75,0.4,0.0,0.18,0.5,0.11731809888567213,0.8826819011143279,6,222,611,308,20,8,0,0
6.46,88.26819011143279,92.09807806309531,61.23847319227639,-0.4414125285750268,1.0,-0.4399715151105608,HF,0.75,0.4,0.0,0.18,0.5,1.0,-0.4852027893066402,23,295,615,255,11,0,4,0
6.47,100.0,93.67846245047626,62.07514971867173,-0.41829027766593235,1.0,-0.4069767679486956,HF,0.75,0.4,0.0,0.18,0.5,0.06888525826590403,0.9311147417340959,20,237,619,294,32,0,0,2
6.48,93.11147417340959,93.56506479506292,63.38643520331741,-0.44849520630936707,1.0,-0.426330498286656,HF,0.75,0.4,0.0,0.18,0.5,1.0,-0.018899345397949574,20,309,651,267,15,0,3,10
6.49,100.0,94.85205183605034,62.216028241959,-0.4219851300487156,1.0,-0.4162186895098005,HF,0.75,0.4,0.0,0.18,0.5,0.48447491782052177,0.5155250821794782,27,268,627,287,31,9,0,0
6.5,51.552508217947825,86.19214311242983,64.45454764416253,-0.4239245696096129,1.0,-0.40406267983572824,HF,0.75,0.4,0.0,0.18,0.5,0.44281689780099054,0.5571831021990095,24,265,667,289,34,4,0,11
6.51,55.71831021990094,80.09737653392405,65.10249053285546,-0.3778970157633159,1.0,-0.36787101200648714,HF,0.75,0.4,0.0,0.18,0.5,-0.004301616123745022,1.0,6,204,649,370,53,1,0,2
6.5200000000000005,100.0,84.07790122713924,61.30368520636537,-0.392808424469345,1.0,-0.3941169466291155,HF,0.75,0.4,0.0,0.18,0.5,1.0,-0.13007360185895678,10,222,627,331,29,0,0,0
6.53,100.0,87.2623209817114,63.15785729714247,-0.377815637177267,1.0,-0.3849802698407854,HF,0.75,0.4,0.0,0.18,0.5,0.4895319257463728,0.5104680742536272,24,210,623,371,31,6,0,0
6.54,51.046807425362715,80.01921827044166,62.56009068539481,-0.4361476571363091,1.0,-0.42809881482805523,HF,0.75,0.4,0.0,0.18,0.5,1.0,-0.4473733357020784,9,286,640,260,7,0,3,4
6.55,100.0,84.01537461635333,61.967553764808116,-0.3550866376392894,1.0,-0.33465072086879183,HF,0.75,0.4,0.0,0.18,0.5,-0.44613971165248334,1.0,11,161,597,386,48,10,5,11
6.5600000000000005,100.0,87.21229969308267,61.39422951240201,-0.3467895518484561,1.0,-0.33302783966064453,HF,0.75,0.4,0.0,0.18,0.5,0.6039992741176065,0.39600072588239354,6,167,585,414,64,0,1,10
6.57,60.39992741176064,81.84982523681826,61.733993672139874,-0.39553308402360887,1.0,-0.401756831577846,HF,0.75,0.4,0.0,0.18,0.5,1.0,-0.5,31,217,625,335,26,0,2,0
6.58,100.0,85.47986018945461,61.42418784626416,-0.35952799576091826,1.0,-0.3487119674682617,HF,0.75,0.4,0.0,0.18,0.5,-0.3153227669852118,1.0,6,158,610,387,57,0,0,2
6.59,100.0,88.3838881515637,61.56842574734356,-0.3832019271838969,1.0,-0.37231561115809847,HF,0.75,0.4,0.0,0.18,0.5,1.0,-0.07379183088030083,24,197,601,357,32,0,0,13
6.6000000000000005,100.0,90.70711052125095,59.421038825580624,-0.3535947788601818,1.0,-0.36174917221069336,HF,0.75,0.4,0.0,0.18,0.5,0.45450376783098534,0.5454962321690147,15,161,573,370,41,2,0,1
6.61,54.549623216901466,83.47561306038106,63.36348681763028,-0.330524860925744,1.0,-0.3192757878984724,HF,0.75,0.4,0.0,0.18,0.5,-0.1368106024605884,1.0,0,159,593,450,72,20,0,0
6.62,100.0,86.78049044830486,57.24313668025334,-0.3408222609809737,1.0,-0.3324029105050223,HF,0.75,0.4,0.0,0.18,0.5,0.8692493711199074,0.13075062888009265,9,138,535,374,55,12,0,3
6.63,86.92493711199074,86.80937978104203,58.8637113731599,-0.3303159835420479,1.0,-0.32599449157714844,HF,0.75,0.4,0.0,0.18,0.5,0.5150462559291299,0.4849537440708701,2,125,538,415,62,0,0,0
6.640000000000001,51.50462559291299,79.74842894341622,59.801921550936285,-0.2981920547561694,1.0,-0.2831869125366211,HF,0.75,0.4,0.0,0.18,0.5,-0.1572616577148438,1.0,0,96,505,491,86,0,8,1
6.65,100.0,83.79874315473297,62.51450684222301,-0.33555599011701354,1.0,-0.32528182438441683,HF,0.75,0.4,0.0,0.18,0.5,1.0,-0.38782114301409,0,148,580,450,49,13,0,2
6.66,100.0,87.03899452378639,63.66631553325887,-0.33568454444366363,1.0,-0.32983194078717915,HF,0.75,0.4,0.0,0.18,0.5,0.7138348715645934,0.28616512843540665,13,126,590,436,51,0,3,5
6.67,71.38348715645934,83.90789305032098,62.481753514400815,-0.33067486568266413,1.0,-0.3328754561288016,HF,0.75,0.4,0.0,0.18,0.5,0.6879334586007247,0.31206654139927525,9,140,586,450,63,0,0,0
6.68,68.79334586007248,80.88498361227128,61.36946733216749,-0.3061463053803064,1.0,-0.31182793208530973,HF,0.75,0.4,0.0,0.18,0.5,0.24587574005127039,0.7541242599487297,10,111,537,477,74,0,0,0
6.69,75.41242599487296,79.79047208879163,62.94629090653557,-0.3195735557530712,1.0,-0.3128275190080915,HF,0.75,0.4,0.0,0.18,0.5,0.6431235722133088,0.35687642778669115,3,132,573,457,78,11,0,0
6.7,64.31235722133088,76.69484911529948,64.38218136629239,-0.30231918929616564,1.0,-0.28971746989658903,HF,0.75,0.4,0.0,0.18,0.5,0.1999061039515907,0.8000938960484093,0,102,556,497,81,2,11,0
6.71,80.00938960484093,77.35775721320778,64.14508359914552,-0.26452984277364855,1.0,-0.25152151925223215,HF,0.75,0.4,0.0,0.18,0.5,-0.08691850389753097,1.0,13,83,481,566,126,3,13,6
6.72,100.0,81.88620577056622,63.13654675430557,-0.26495412889727366,1.0,-0.24694204330444336,HF,0.75,0.4,0.0,0.18,0.5,0.5163462502615791,0.4836537497384209,5,60,485,563,109,2,0,14
6.73,51.63462502615791,75.83588962168457,65.36298491483603,-0.29778750562202266,1.0,-0.2755718912397112,HF,0.75,0.4,0.0,0.18,0.5,1.0,-0.12556601933070566,5,105,565,525,96,5,23,0
6.74,100.0,80.66871169734766,58.57879329112697,-0.2812502082047685,1.0,-0.2752551351274763,HF,0.75,0.4,0.0,0.18,0.5,0.604400444030762,0.395599555969238,0,74,470,484,85,7,0,0
6.75,60.4400444030762,76.62297823849336,63.78846554900187,-0.28184151774323907,1.0,-0.26497881753104074,HF,0.75,0.4,0.0,0.18,0.5,0.4210178102765765,0.5789821897234235,1,97,506,515,104,7,16,1
6.76,57.89821897234235,72.87802638526315,63.63947943451619,-0.2633983577133205,1.0,-0.2506654603140695,HF,0.75,0.4,0.0,0.18,0.5,0.3426257542201454,0.6573742457798546,4,93,474,563,135,6,13,0
6.7700000000000005,65.73742457798546,71.44990602380761,61.935905011672574,-0.25163850646112584,1.0,-0.23731585911342076,HF,0.75,0.4,0.0,0.18,0.5,0.3546335220336911,0.6453664779663089,0,60,449,567,133,7,6,0
6.78,64.53664779663089,70.06725437837227,64.40386333907908,-0.24479896629002204,1.0,-0.24107844488961355,MF,0.55,0.55,0.0,0.14,0.5,0.6852693455559865,0.3147306544440135,2,65,470,588,147,0,0,5
6.79,68.52693455559866,69.75919041381755,61.82291157083397,-0.2465636165135268,1.0,-0.22807414191109793,MF,0.55,0.55,0.0,0.14,0.5,0.4433805363518851,0.5566194636481149,8,61,447,577,144,18,0,9
6.8,55.661946364811485,66.93974160401633,60.10209434446264,-0.2479801957687033,1.0,-0.25102383749825613,MF,0.55,0.55,0.0,0.14,0.5,0.9593588488442558,0.04064115115574418,0,78,432,547,119,10,0,0
6.8100000000000005,95.93588488442558,72.73897026009818,62.88332512837212,-0.250718663727964,1.0,-0.24945981161934988,HF,0.75,0.4,0.0,0.18,0.5,0.5716314588274275,0.42836854117257256,0,53,452,571,114,0,0,0
6.82,57.16314588274275,69.6238053846271,65.98407327191862,-0.1774142086585451,1.0,-0.1831047875540597,MF,0.55,0.55,0.0,0.14,0.5,-0.23929236684526722,1.0,0,38,357,661,221,15,0,0
6.83,100.0,75.69904430770168,62.88463373632897,-0.22100183353557823,1.0,-0.22356217248099192,HF,0.75,0.4,0.0,0.18,0.5,1.0,-0.3176577976771766,0,52,415,594,171,0,0,0
6.84,100.0,80.55923544616135,60.72755257469614,-0.20903174810419808,1.0,-0.2015061378479004,HF,0.75,0.4,0.0,0.18,0.5,0.18359383174351274,0.8164061682564873,15,37,397,597,173,13,20,0
6.8500000000000005,81.64061682564872,80.77551172205882,59.75916416212722,-0.20442081878559334,1.0,-0.1914020265851702,HF,0.75,0.4,0.0,0.18,0.5,0.3946868079049245,0.6053131920950755,1,27,363,601,177,7,0,7
6.86,60.53131920950755,76.72667321954857,60.348334453523904,-0.14383994598759398,1.0,-0.15648494447980607,HF,0.75,0.4,0.0,0.18,0.5,-0.0659135001046317,1.0,15,23,267,625,272,14,0,0
6.87,100.0,81.38133857563886,62.81812987666812,-0.15873313132751857,1.0,-0.1562720707484654,HF,0.75,0.4,0.0,0.18,0.5,0.5586771011352544,0.4413228988647456,0,22,292,633,255,12,0,0
6.88,55.86771011352544,76.27861288321617,62.37398041944933,-0.16410476020656667,1.0,-0.1596501214163644,HF,0.75,0.4,0.0,0.18,0.5,0.6246649605887273,0.3753350394112726,0,26,311,628,229,31,0,0
6.890000000000001,62.466496058872735,73.51618951834749,64.02167947004062,-0.08365017919140864,1.0,-0.0888965470450265,HF,0.75,0.4,0.0,0.18,0.5,-0.5,1.0,0,14,185,627,379,34,0,0
6.9,100.0,78.81295161467798,63.893615133023744,-0.14400447568284097,1.0,-0.14675848824637278,HF,0.75,0.4,0.0,0.18,0.5,1.0,-0.5,3,18,280,655,270,19,0,0
6.91,100.0,83.05036129174239,57.780323518748716,-0.10905566274634312,1.0,-0.0984506607055664,HF,0.75,0.4,0.0,0.18,0.5,-0.33016063145228813,1.0,0,22,214,573,298,50,14,0
6.92,100.0,86.44028903339391,62.5147462128347,-0.13906459999460907,1.0,-0.13902207783290318,HF,0.75,0.4,0.0,0.18,0.5,1.0,-0.28589433942522324,3,15,252,628,281,13,0,0
6.93,100.0,89.15223122671513,60.43529215499601,-0.0998613247286263,1.0,-0.1031876972743443,HF,0.75,0.4,0.0,0.18,0.5,-0.1037437711443221,1.0,2,12,209,610,347,30,0,0
6.94,100.0,91.3217849813721,61.14203856525516,-0.08798158623931229,1.0,-0.09170205252511161,HF,0.75,0.4,0.0,0.18,0.5,0.3299392155238562,0.6700607844761438,10,18,174,614,345,46,0,5
6.95,67.00607844761439,86.45864367462056,59.33510330421087,-0.07408553291631334,1.0,-0.0471343994140625,HF,0.75,0.4,0.0,0.18,0.5,-0.28336399623325903,1.0,0,3,157,564,374,59,22,0
6.96,100.0,89.16691493969645,64.23336255013504,-0.08298282923246211,1.0,-0.08108718054635185,HF,0.75,0.4,0.0,0.18,0.5,1.0,-0.14358493259974892,4,7,192,637,383,43,0,6
6.97,100.0,91.33353195175717,59.86793565674464,-0.0786599488431413,1.0,-0.08603763580322266,HF,0.75,0.4,0.0,0.18,0.5,0.6235232489449636,0.37647675105503636,15,18,183,587,371,50,13,0
6.98,62.352324894496356,85.53729054030501,59.36911738590031,-0.041337978432182856,1.0,-0.02971029281616211,HF,0.75,0.4,0.0,0.18,0.5,-0.5,1.0,0,0,118,541,416,78,1,0
6.99,100.0,88.42983243224401,63.17615335033566,-0.03807611905371713,1.0,-0.045040948050362725,HF,0.75,0.4,0.0,0.18,0.5,0.7939681734357562,0.20603182656424385,7,14,128,574,466,63,1,3
7.0,79.39681734357562,86.62322941451032,63.570370164620755,-0.08257643943080217,1.0,-0.06511327198573522,HF,0.75,0.4,0.0,0.18,0.5,0.8873471396309989,0.11265286036900113,5,8,194,632,397,54,11,11
7.01,88.73471396309989,87.04552632422823,62.58275796963189,-0.03598796790953781,1.0,-0.040228571210588725,HF,0.75,0.4,0.0,0.18,0.5,0.06816681453159873,0.9318331854684012,7,11,127,572,459,62,12,0
7.0200000000000005,93.18331854684013,88.2730847687506,66.0974165153977,-0.05866500810651646,1.0,-0.06362547193254743,HF,0.75,0.4,0.0,0.18,0.5,0.9465944017682757,0.053405598231724305,0,8,173,631,446,49,0,2
7.03,94.65944017682757,89.550355850366,59.27178801236328,-0.02623661129922098,1.0,-0.038160460335867744,HF,0.75,0.4,0.0,0.18,0.5,0.05689397539411273,0.9431060246058873,4,0,126,536,438,64,0,0
7.04,94.31060246058874,90.50240517241055,63.5327769531448,-0.013247160177572078,1.0,-0.016813482557024275,HF,0.75,0.4,0.0,0.18,0.5,0.12247979300362732,0.8775202069963727,3,0,115,541,505,85,0,0
7.05,87.75202069963727,89.9523282778559,63.93558893800685,0.01370801189925128,1.0,0.019383771078927175,HF,0.75,0.4,0.0,0.18,0.5,-0.15930407387869694,1.0,8,5,87,493,548,110,19,5
7.0600000000000005,100.0,91.96186262228473,65.07212236341906,0.028437803820835224,1.0,0.03443677084786551,HF,0.75,0.4,0.0,0.18,0.5,0.21527129581996374,0.7847287041800363,0,3,78,484,578,125,18,0
7.07,78.47287041800362,89.2640641814285,64.41163684143208,0.008565173728388688,1.0,0.008543287004743303,HF,0.75,0.4,0.0,0.18,0.5,0.9626653943743024,0.03733460562569757,0,12,97,529,553,122,8,0
7.08,96.26653943743024,90.66455923262885,62.68585275464269,0.06303322772553295,1.0,0.06788076673235212,HF,0.75,0.4,0.0,0.18,0.5,-0.5,1.0,0,0,50,397,601,146,8,6
7.09,100.0,92.53164738610307,61.04624707871233,0.08261116326960999,1.0,0.07412617547171456,HF,0.75,0.4,0.0,0.18,0.5,0.35793217250279025,0.6420678274972098,0,10,47,355,623,180,3,0
7.1000000000000005,64.20678274972099,86.86667445882665,61.55996394468065,0.05746135738534356,1.0,0.05313662120274135,HF,0.75,0.4,0.0,0.18,0.5,0.8565573283604211,0.1434426716395789,0,0,59,412,568,150,0,2
7.11,85.6557328360421,86.62448613426974,60.04139953943473,0.07424634449413658,1.0,0.0632551738194057,HF,0.75,0.4,0.0,0.18,0.5,0.2925639833722796,0.7074360166277204,10,0,53,373,599,164,2,5
7.12,70.74360166277204,83.4483092399702,61.12842054075273,0.06514207252932233,1.0,0.0737213407244001,HF,0.75,0.4,0.0,0.18,0.5,0.28212045942034053,0.7178795405796594,0,0,61,384,587,164,9,10
7.13,71.78795405796595,81.11623820356935,61.85130934048295,0.08928748839771895,1.0,0.08941752570016044,HF,0.75,0.4,0.0,0.18,0.5,0.18170166015624983,0.8182983398437502,4,1,36,366,609,187,6,10
7.140000000000001,81.82983398437503,81.25895735973049,55.55796728802857,0.11190669350459137,1.0,0.10998044695172991,HF,0.75,0.4,0.0,0.18,0.5,0.08587523869105762,0.9141247613089424,0,0,30,294,567,180,24,0
7.15,91.41247613089423,83.28966111396323,63.373135493506354,0.12983433633989672,1.0,0.1270615713936942,HF,0.75,0.4,0.0,0.18,0.5,0.1417151314871652,0.8582848685128348,0,5,22,284,656,251,12,0
7.16,85.82848685128349,83.79742626142729,62.54447345065478,0.12488073622579227,1.0,0.12802376065935409,HF,0.75,0.4,0.0,0.18,0.5,0.43147108895438047,0.5685289110456195,4,0,21,304,652,245,26,0
7.17,56.852891104561955,78.40851923005422,61.032682725124864,0.1320932843253006,1.0,0.11967216219220843,HF,0.75,0.4,0.0,0.18,0.5,0.6024599075317384,0.3975400924682616,0,5,35,288,633,244,15,0
7.18,60.24599075317384,74.77601353467816,62.628889181749706,0.14083180551200225,1.0,0.13803012030465261,HF,0.75,0.4,0.0,0.18,0.5,0.11434470585414364,0.8856552941458564,5,0,22,284,624,289,19,0
7.19,88.56552941458564,77.53391671065965,62.316187797153574,0.15963787806105428,1.0,0.15667833600725448,HF,0.75,0.4,0.0,0.18,0.5,0.10166078295026476,0.8983392170497353,0,8,23,250,639,301,40,0
7.2,89.83392170497353,79.99391770952244,62.279303348431796,0.17119568359696397,1.0,0.175966671534947,HF,0.75,0.4,0.0,0.18,0.5,0.08242329188755593,0.9175767081124441,6,0,1,231,634,333,20,9
7.21,91.75767081124441,82.34666832986683,66.73482872805424,0.17322759559581202,1.0,0.17082159859793528,HF,0.75,0.4,0.0,0.18,0.5,0.5242826734270368,0.4757173265729632,0,0,16,247,671,360,24,0
7.22,52.428267342703684,76.3629881324342,64.21342084857463,0.1461331429377148,1.0,0.13508108683994838,HF,0.75,0.4,0.0,0.18,0.5,1.0,-0.08929677690778481,0,25,21,268,656,287,24,5
7.23,100.0,81.09039050594735,59.92177766326452,0.23616769756376066,1.0,0.22731658390590123,HF,0.75,0.4,0.0,0.18,0.5,-0.5,1.0,1,5,1,149,558,420,50,0
7.24,100.0,84.87231240475789,63.376410612905765,0.20427790987531502,1.0,0.1962400163922991,HF,0.75,0.4,0.0,0.18,0.5,0.9808822086879188,0.0191177913120813,0,0,15,181,622,385,28,0
7.25,98.08822086879188,87.5154940975647,62.67255577849512,0.20907865275610965,1.0,0.20070934295654297,HF,0.75,0.4,0.0,0.18,0.5,0.3392683846609932,0.6607316153390068,8,7,15,192,612,394,41,20
7.26,66.07316153390069,83.22702758483189,65.96726730487204,0.23465579601421901,1.0,0.2265709468296596,HF,0.75,0.4,0.0,0.18,0.5,-0.05613724844796297,1.0,3,10,5,149,625,458,64,0
7.2700000000000005,100.0,86.58162206786551,58.56465570327321,0.24966374294212149,1.0,0.24120971134730748,HF,0.75,0.4,0.0,0.18,0.5,0.1400183541434149,0.8599816458565851,7,0,16,116,524,429,63,7
7.28,85.99816458565851,86.4649305714241,60.45007435187203,0.2827434006664382,1.0,0.26643439701625277,HF,0.75,0.4,0.0,0.18,0.5,-0.060618100847516176,1.0,15,0,13,86,513,504,97,2
7.29,100.0,89.17194445713929,56.09150211751594,0.25289982046207926,1.0,0.2561983380998884,HF,0.75,0.4,0.0,0.18,0.5,0.5817697252546032,0.41823027474539676,0,0,5,110,499,408,57,10
7.3,58.17697252546032,82.9729500708035,60.67794989074501,0.26569514505122965,1.0,0.2669236319405692,HF,0.75,0.4,0.0,0.18,0.5,0.20017525809151843,0.7998247419084816,0,2,7,86,539,483,69,0
7.3100000000000005,79.98247419084817,82.37485489481243,61.09949322444346,0.2710347657338063,1.0,0.26950182233537945,HF,0.75,0.4,0.0,0.18,0.5,0.34579184395926327,0.6542081560407367,1,0,0,118,520,493,84,0
7.32,65.42081560407367,78.98404703666468,63.27065839043241,0.29385865154005086,1.0,0.2829802376883371,HF,0.75,0.4,0.0,0.18,0.5,0.14419642857142784,0.8558035714285721,0,1,6,95,520,539,93,0
7.33,85.58035714285721,80.30330905790319,67.88609667053724,0.3206502489054394,1.0,0.29679979596819195,HF,0.75,0.4,0.0,0.18,0.5,0.13252803257533552,0.8674719674246645,18,11,4,77,500,601,140,15
7.34,86.74719674246644,81.59208659481584,60.800720010357594,0.324234460862152,1.0,0.32526915413992746,HF,0.75,0.4,0.0,0.18,0.5,-0.14255610874721014,1.0,6,0,0,57,436,545,121,16
7.3500000000000005,100.0,85.27366927585267,60.16904594181941,0.32824158537126996,1.0,0.3160670144217355,HF,0.75,0.4,0.0,0.18,0.5,0.5392117091587608,0.4607882908412392,0,9,12,69,434,552,122,21
7.36,53.92117091587608,79.00316960385736,60.48065396449489,0.34858006699803173,1.0,0.32396697998046875,HF,0.75,0.4,0.0,0.18,0.5,0.2282138279506143,0.7717861720493857,8,0,9,57,413,575,145,3
7.37,77.17861720493858,78.6382591240736,62.41770708506866,0.3459398211255546,1.0,0.33996377672467915,HF,0.75,0.4,0.0,0.18,0.5,0.07607214791434125,0.9239278520856588,0,0,5,69,420,599,161,10
7.38,92.39278520856587,81.38916434097206,63.86333193373619,0.36202134699913996,1.0,0.36625426156180246,HF,0.75,0.4,0.0,0.18,0.5,-0.11973043169294062,1.0,0,0,0,49,395,626,184,16
7.390000000000001,100.0,85.11133147277765,64.56558993767796,0.36487865327617436,1.0,0.3749861036028181,HF,0.75,0.4,0.0,0.18,0.5,0.19283240182059147,0.8071675981794085,0,0,1,31,408,634,190,21
7.4,80.71675981794085,84.23241714181029,60.739714339715306,0.3838670028149622,1.0,0.38000474657331196,HF,0.75,0.4,0.0,0.18,0.5,0.25766252790178557,0.7423374720982144,0,0,0,48,337,614,186,21
7.41,74.23374720982144,82.23268315541253,64.10442231191412,0.38326250139555534,1.0,0.37196976797921316,HF,0.75,0.4,0.0,0.18,0.5,0.49584170750209305,0.5041582924979069,0,3,19,23,367,634,211,10
7.42,50.41582924979069,75.86931237428816,61.14336348440449,0.3898894060312553,1.0,0.37492520468575613,HF,0.75,0.4,0.0,0.18,0.5,0.29683205740792407,0.7031679425920759,0,8,0,37,330,606,212,0
7.43,70.3167942592076,74.75880875127204,62.07942764343927,0.3702808091651463,1.0,0.366203853062221,HF,0.75,0.4,0.0,0.18,0.5,0.5105027879987444,0.4894972120012556,3,0,0,44,366,612,174,15
7.44,51.05027879987444,70.01710276099251,65.52982761110154,0.46307470846486126,1.0,0.4517315455845424,MF,0.55,0.55,0.0,0.14,0.5,-0.5,1.0,0,6,0,27,238,658,359,32
7.45,100.0,76.01368220879401,61.08394963397089,0.42508003946364975,1.0,0.41675703866141184,HF,0.75,0.4,0.0,0.18,0.5,0.9628383091517857,0.0371616908482143,0,8,0,13,267,630,258,9
7.46,96.28383091517857,80.06771195007092,60.7886400001284,0.4231242993487266,1.0,0.4164487293788365,HF,0.75,0.4,0.0,0.18,0.5,0.3389700753348218,0.6610299246651782,0,0,17,15,273,618,255,24
7.47,66.10299246651782,77.27476805336029,63.8962859009441,0.4256855218549287,1.0,0.4162851061139788,HF,0.75,0.4,0.0,0.18,0.5,0.33643117632184694,0.6635688236781531,0,10,0,37,268,655,291,18
7.48,66.3568823678153,75.09119091625129,61.549013153330726,0.44560092256326067,1.0,0.44856439317975727,HF,0.75,0.4,0.0,0.18,0.5,-0.2604529244559155,1.0,0,0,0,12,254,631,300,32
7.49,100.0,80.07295273300103,61.471288333593066,0.43193855840719214,1.0,0.42857142857142855,HF,0.75,0.4,0.0,0.18,0.5,0.6884447915213456,0.3115552084786544,0,0,0,16,261,645,253,20
7.5,68.84447915213457,77.82725801682774,65.45138758562955,0.4574368892826491,1.0,0.4547713143484933,HF,0.75,0.4,0.0,0.18,0.5,-0.15350646972656334,1.0,6,0,0,0,242,657,332,28
7.51,100.0,82.2618064134622,65.48972281324698,0.5105193856193295,1.0,0.5019335065569196,HF,0.75,0.4,0.0,0.18,0.5,-0.5,1.0,1,0,0,11,180,623,417,61
7.5200000000000005,100.0,85.80944513076976,63.9707994229001,0.437973775923737,1.0,0.42486681256975445,HF,0.75,0.4,0.0,0.18,0.5,1.0,-0.4100532749720983,1,3,0,13,274,650,285,8
7.53,100.0,88.64755610461582,64.52169903999862,0.48913789001498303,1.0,0.49293817792619976,HF,0.75,0.4,0.0,0.18,0.5,-0.5,1.0,0,0,0,2,187,618,385,42
7.54,100.0,90.91804488369266,63.21976009438084,0.48296661749486924,1.0,0.4657031467982701,HF,0.75,0.4,0.0,0.18,0.5,0.8039493015834264,0.19605069841657363,6,10,8,15,195,619,378,54
7.55,80.39493015834263,88.81342193862265,62.684212079300835,0.5289185239236224,1.0,0.5172255379813058,HF,0.75,0.4,0.0,0.18,0.5,-0.5,1.0,0,0,6,8,148,577,442,63
7.5600000000000005,100.0,91.05073755089812,58.93463205815253,0.4746587176447214,1.0,0.4641007014683315,HF,0.75,0.4,0.0,0.18,0.5,1.0,-0.27060677664620436,7,6,3,0,190,580,342,30
7.57,100.0,92.8405900407185,59.8285045784369,0.5043342706238063,1.0,0.49582767486572266,HF,0.75,0.4,0.0,0.18,0.5,-0.26941659109933,1.0,0,11,0,0,141,576,383,36
7.58,100.0,94.2724720325748,64.37845292251157,0.5234436115608948,1.0,0.5154696873256138,HF,0.75,0.4,0.0,0.18,0.5,-0.059744099208286494,1.0,0,10,5,0,139,606,455,64
7.59,100.0,95.41797762605984,60.30700439426219,0.5284727705297244,1.0,0.5286438805716378,HF,0.75,0.4,0.0,0.18,0.5,0.05140696934291322,0.9485930306570868,0,0,11,0,120,548,439,64
7.6000000000000005,94.85930306570867,95.3062427139896,61.742245242622495,0.5122042880910503,1.0,0.5112593514578683,HF,0.75,0.4,0.0,0.18,0.5,0.6084177834647042,0.3915822165352958,3,0,2,1,147,582,411,53
7.61,60.84177834647042,88.41334984048578,62.47091159022223,0.4545511990780277,1.0,0.4484030859810965,HF,0.75,0.4,0.0,0.18,0.5,1.0,-0.4006387656075614,0,0,12,7,235,646,307,32
7.62,100.0,90.73067987238862,60.39545633213096,0.5240211985296424,1.0,0.4990632193429129,HF,0.75,0.4,0.0,0.18,0.5,-0.5,1.0,0,0,21,13,146,566,412,62
7.63,100.0,92.5845438979109,64.14585922901469,0.5227075771030716,1.0,0.4987626756940569,HF,0.75,0.4,0.0,0.18,0.5,0.30590471540178543,0.6940952845982146,7,5,14,3,139,595,460,47
7.640000000000001,69.40952845982146,87.94954081029302,57.86324856913794,0.5470950456360073,1.0,0.5412331989833287,HF,0.75,0.4,0.0,0.18,0.5,-0.4809626988002229,1.0,0,0,7,0,94,528,435,62
7.65,100.0,90.35963264823441,64.20744002744519,0.5430226185692252,1.0,0.5305799756731305,HF,0.75,0.4,0.0,0.18,0.5,0.4795260293143142,0.5204739706856858,0,3,8,2,137,556,491,69
7.66,52.04739706856858,82.69718553230125,64.74454263321599,0.5588362904575268,1.0,0.5471529279436383,HF,0.75,0.4,0.0,0.18,0.5,-0.01717431204659592,1.0,0,5,7,9,102,551,515,88
7.67,100.0,86.157748425841,63.4994909508767,0.5208624030476727,1.0,0.5200856072562081,HF,0.75,0.4,0.0,0.18,0.5,0.7791775294712608,0.22082247052873916,2,0,0,0,146,566,435,53
7.68,77.91775294712609,84.50974933009802,63.06556641864525,0.5501014639336977,1.0,0.5278028760637555,HF,0.75,0.4,0.0,0.18,0.5,0.14996801103864427,0.8500319889613557,0,12,7,11,112,558,486,78
7.69,85.00319889613557,84.60843924330553,62.8193706874931,0.5592149743545192,1.0,0.5361927577427456,HF,0.75,0.4,0.0,0.18,0.5,0.13450502668108144,0.8654949733189186,11,0,4,15,115,527,504,93
7.7,86.54949733189186,84.99665086102279,63.7837260443215,0.5537280224976026,1.0,0.5398592267717633,HF,0.75,0.4,0.0,0.18,0.5,0.21805986676897438,0.7819401332310256,0,7,0,1,126,554,494,76
7.71,78.19401332310257,83.63612335343875,62.66543865917038,0.5540714031655782,1.0,0.5369220461164202,HF,0.75,0.4,0.0,0.18,0.5,0.3381004333496076,0.6618995666503924,0,2,10,9,106,554,489,72
7.72,66.18995666503923,80.14689001575884,61.65591728146906,0.614144899953055,1.0,0.6058949061802456,HF,0.75,0.4,0.0,0.18,0.5,-0.5,1.0,1,0,13,0,53,428,571,136
7.73,100.0,84.11751201260708,65.08547273455954,0.5948103962872745,1.0,0.5874714170183454,HF,0.75,0.4,0.0,0.18,0.5,0.596634238106865,0.403365761893135,0,0,0,0,102,504,576,127
7.74,59.6634238106865,79.22669437222297,63.41882196117321,0.5916071176138149,1.0,0.5838072640555245,HF,0.75,0.4,0.0,0.18,0.5,0.3324318477085656,0.6675681522914344,0,4,3,0,92,495,561,126
7.75,66.75681522914344,76.73271854360706,62.04377764232967,0.6051582801188463,1.0,0.589918681553432,HF,0.75,0.4,0.0,0.18,0.5,0.15402701241629319,0.8459729875837068,6,0,0,2,62,478,549,116
7.76,84.59729875837067,78.30563458655978,64.62845315140716,0.6174153714953938,1.0,0.599255016871861,HF,0.75,0.4,0.0,0.18,0.5,0.09224395751953296,0.907756042480467,0,4,11,1,85,443,605,155
7.7700000000000005,90.7756042480467,80.79962851885716,63.78268780321049,0.6033296219261113,1.0,0.5854297365461077,HF,0.75,0.4,0.0,0.18,0.5,0.5146831512451154,0.48531684875488457,0,3,6,6,81,467,572,120
7.78,51.46831512451154,74.93336583998803,61.22777444782772,0.6319299813981251,1.0,0.6085433959960938,HF,0.75,0.4,0.0,0.18,0.5,-0.1594632284981855,1.0,0,20,1,1,53,403,583,163
7.79,100.0,79.94669267199042,62.22794133625555,0.5999136987485929,1.0,0.5915994644165039,HF,0.75,0.4,0.0,0.18,0.5,0.5683509826660156,0.4316490173339844,0,0,0,11,62,467,557,107
7.8,56.835098266601555,75.32437379091265,60.33280343406719,0.6062974201784653,1.0,0.5963302339826312,HF,0.75,0.4,0.0,0.18,0.5,0.17631405421665647,0.8236859457833435,0,1,0,0,70,459,560,109
7.8100000000000005,82.36859457833435,76.73321794839698,63.15414436767028,0.6204085429003143,1.0,0.6185038430350167,HF,0.75,0.4,0.0,0.18,0.5,-0.14652650015694613,1.0,1,0,0,2,56,434,586,147
7.82,100.0,81.38657435871758,63.197992683368525,0.645077952762394,1.0,0.62425354548863,HF,0.75,0.4,0.0,0.18,0.5,0.14680393763950894,0.8531960623604911,0,2,7,10,47,396,616,166
7.83,85.31960623604911,82.17318073418389,61.612780977928985,0.6469195007770525,1.0,0.631641115461077,HF,0.75,0.4,0.0,0.18,0.5,0.11436729431152226,0.8856327056884777,5,0,1,0,51,384,599,170
7.84,88.56327056884777,83.45119870111665,61.87421226620028,0.6270685915435957,1.0,0.6003262656075614,HF,0.75,0.4,0.0,0.18,0.5,0.8235367911202567,0.17646320887974332,5,0,12,13,49,421,579,147
7.8500000000000005,82.35367911202567,83.23169478329845,66.0048549352896,0.6338614323839347,1.0,0.6282544817243304,HF,0.75,0.4,0.0,0.18,0.5,-0.254009682791574,1.0,2,4,0,0,46,429,608,173
7.86,100.0,86.58535582663876,66.10838768251215,0.6469511315900625,1.0,0.6403335843767438,HF,0.75,0.4,0.0,0.18,0.5,0.026442718505861107,0.9735572814941389,0,0,0,0,55,419,636,192
7.87,97.35572814941389,88.73943029119378,65.05362532715453,0.6860296813460294,1.0,0.6339969635009766,HF,0.75,0.4,0.0,0.18,0.5,0.36046039036341987,0.6395396096365802,22,0,22,0,26,338,655,243
7.88,63.95396096365802,83.78233642568664,59.3598456245254,0.6471960107706348,1.0,0.6232659476143974,HF,0.75,0.4,0.0,0.18,0.5,0.44385190691266685,0.5561480930873332,10,0,1,4,53,357,584,165
7.890000000000001,55.614809308733314,78.14883100229598,62.333275790623674,0.6771781407910674,1.0,0.6646578652518136,HF,0.75,0.4,0.0,0.18,0.5,-0.5,1.0,0,0,0,0,44,335,617,213
7.9,100.0,82.51906480183678,59.024276593018755,0.6375057727985193,1.0,0.6251215253557477,HF,0.75,0.4,0.0,0.18,0.5,0.9616055079868864,0.03839449201311357,3,0,8,0,48,382,574,161
7.91,96.16055079868863,85.24736200120714,62.67010870382434,0.6753646279840262,1.0,0.6666667120797294,HF,0.75,0.4,0.0,0.18,0.5,-0.5,1.0,0,4,0,0,32,338,625,219
7.92,100.0,88.19788960096571,64.62121182562693,0.6915858845920055,1.0,0.6692447662353516,HF,0.75,0.4,0.0,0.18,0.5,0.18589711870466014,0.8141028812953399,0,10,0,5,22,324,660,235
7.930000000000001,81.410288129534,86.84036930667938,63.216534332688376,0.6992197785843424,1.0,0.6783152988978794,HF,0.75,0.4,0.0,0.18,0.5,0.06540429251534624,0.9345957074846538,0,10,0,7,8,322,657,251
7.94,93.45957074846538,88.16420959503658,58.05582194671236,0.6822476170690499,1.0,0.6637495585850307,HF,0.75,0.4,0.0,0.18,0.5,0.49668350219726504,0.5033164978027349,0,3,3,0,38,311,595,209
7.95,50.331649780273494,80.59769763208396,59.168951866172584,0.7002856141934406,1.0,0.6657863344464984,HF,0.75,0.4,0.0,0.18,0.5,0.19702350071498265,0.8029764992850174,0,0,10,17,24,299,604,236
7.96,80.29764992850174,80.53768809136753,60.73908309162905,0.7177723868277809,1.0,0.7003601619175502,HF,0.75,0.4,0.0,0.18,0.5,-0.4024729592459537,1.0,0,5,0,0,28,258,618,281
7.97,100.0,84.43015047309403,65.19479458644325,0.7022947397722493,1.0,0.6910087040492466,HF,0.75,0.4,0.0,0.18,0.5,0.39192276000976617,0.6080772399902339,0,0,0,2,18,313,666,253
7.98,60.80772399902339,79.7056651782799,60.14214703507854,0.6837622638244467,1.0,0.6593960353306362,HF,0.75,0.4,0.0,0.18,0.5,0.8052696228027338,0.1947303771972662,0,15,1,0,31,311,611,223
7.99,80.52696228027338,79.8699245986786,64.41846129444788,0.6978826004363256,1.0,0.6586213793073382,HF,0.75,0.4,0.0,0.18,0.5,0.25049525669642797,0.749504743303572,13,7,0,18,29,304,670,273
8.0,74.9504743303572,78.88603454501431,85.93394947256088,0.6929041746090903,1.0,0.6713450295584542,HF,0.75,0.4,0.0,0.18,0.5,0.0024362836565304247,0.9975637163434696,0,5,10,5,39,439,872,340
8.01,99.75637163434696,83.06010196288085,85.42387440329745,0.7050474367211692,1.0,0.6949095044817243,HF,0.75,0.4,0.0,0.18,0.5,-0.20212435041155108,1.0,0,0,0,11,27,390,890,363
8.02,100.0,86.44808157030468,81.22977260261393,0.6786679647555557,1.0,0.6749337060110909,HF,0.75,0.4,0.0,0.18,0.5,0.589590890066964,0.410409109933036,0,0,0,0,33,435,807,286
8.03,58.959089006696395,80.95028305758302,85.17016744375934,0.7136599546327849,1.0,0.6883737019130162,HF,0.75,0.4,0.0,0.18,0.5,-0.017269406999860792,1.0,11,6,0,16,17,365,870,391
8.040000000000001,100.0,84.76022644606643,85.59532218625982,0.6737103731447817,1.0,0.6559452329363141,HF,0.75,0.4,0.0,0.18,0.5,0.8213343484061111,0.17866565159388892,0,7,7,7,42,465,850,292
8.05,82.1334348406111,84.23486812497535,83.839185341443,0.6476927843245772,1.0,0.6395389011928013,HF,0.75,0.4,0.0,0.18,0.5,0.5394984109061098,0.4605015890938901,0,0,0,5,62,519,820,230
8.06,53.94984109061098,78.17786271810247,86.21055724781935,0.6682350657315306,1.0,0.6517437526157924,HF,0.75,0.4,0.0,0.18,0.5,0.01961517333984314,0.9803848266601569,0,7,0,1,60,494,863,279
8.07,98.0384826660157,82.14998670768512,87.89502381715113,0.6728192686992828,1.0,0.6669406890869141,HF,0.75,0.4,0.0,0.18,0.5,-0.04032113211495503,1.0,0,0,0,2,48,494,886,308
8.08,100.0,85.7199893661481,84.60527154416766,0.6763153346836874,1.0,0.6687597547258649,HF,0.75,0.4,0.0,0.18,0.5,0.19975291660853883,0.8002470833914612,0,6,0,2,29,456,856,289
8.09,80.02470833914612,84.58093316074769,83.89912474248807,0.6648301748499754,1.0,0.6451914651053292,HF,0.75,0.4,0.0,0.18,0.5,0.6661526271275109,0.3338473728724891,0,0,0,22,60,491,840,270
8.1,66.61526271275109,80.98779907114837,81.20783542333916,0.6288158586672287,1.0,0.6262096677507673,HF,0.75,0.4,0.0,0.18,0.5,0.5911884852818083,0.40881151471819166,0,0,0,0,72,555,779,203
8.11,59.118848528180834,76.61400896255486,84.07320731760286,0.5983774138867827,1.0,0.5983991622924805,HF,0.75,0.4,0.0,0.18,0.5,0.7612294333321699,0.23877056666783014,0,0,0,1,92,641,746,162
8.120000000000001,76.12294333321698,76.51579583668729,88.28050110534241,0.6081760715063191,1.0,0.5990492956978934,HF,0.75,0.4,0.0,0.18,0.5,0.248677880423409,0.751322119576591,3,0,0,9,103,639,802,187
8.13,75.1322119576591,76.23907906088165,85.45398650395484,0.638384737649099,1.0,0.6231982367379325,HF,0.75,0.4,0.0,0.18,0.5,-0.18396023341587608,1.0,2,14,0,0,61,559,810,229
8.14,100.0,80.99126324870532,84.73990313730332,0.6070488982780001,1.0,0.5957320077078683,HF,0.75,0.4,0.0,0.18,0.5,0.756099319458009,0.24390068054199104,0,0,8,2,98,637,771,171
8.15,75.6099319458009,79.91499698812443,86.93450443036558,0.6060405822195587,1.0,0.5991270882742745,HF,0.75,0.4,0.0,0.18,0.5,0.19923771449497768,0.8007622855050223,0,0,7,0,98,634,791,172
8.16,80.07622855050222,79.9472433006,85.71658255659635,0.6298259819916086,1.0,0.6047148023332868,HF,0.75,0.4,0.0,0.18,0.5,0.15753522600446457,0.8424647739955354,6,0,0,25,89,582,808,211
8.17,84.24647739955354,80.8070901203907,84.91315914044696,0.6330398773864614,1.0,0.6180415834699359,HF,0.75,0.4,0.0,0.18,0.5,0.012901306152341974,0.987098693847658,2,0,0,10,85,576,817,214
8.18,98.7098693847658,84.38764597326572,79.51697234934176,0.6093510608971316,1.0,0.6068267822265625,HF,0.75,0.4,0.0,0.18,0.5,0.45913570949009574,0.5408642905099043,0,1,0,0,90,585,731,175
8.19,54.086429050990425,78.32740258881067,87.20810328984325,0.5910053485374623,1.0,0.5840764726911273,HF,0.75,0.4,0.0,0.18,0.5,0.675874982561383,0.324125017438617,0,0,0,11,117,695,780,159
8.2,67.5874982561383,76.17942172227619,78.32668890308126,0.6198945110482841,1.0,0.6173569815499442,HF,0.75,0.4,0.0,0.18,0.5,-0.3459919520786827,1.0,0,0,0,0,81,536,722,182
8.21,100.0,80.94353737782095,87.24588806082662,0.6040950447082554,1.0,0.5965001242501395,HF,0.75,0.4,0.0,0.18,0.5,0.6368233816964286,0.36317661830357145,0,0,0,4,111,632,785,166
8.22,63.68233816964286,77.49129753618533,82.69551464529302,0.6068643977642324,1.0,0.5946762902396066,HF,0.75,0.4,0.0,0.18,0.5,0.29495849609375113,0.7050415039062489,4,3,7,0,88,626,748,177
8.23,70.50415039062489,76.09386810707323,86.01276308192664,0.5469758288895337,1.0,0.536611829485212,HF,0.75,0.4,0.0,0.18,0.5,1.0,-0.33051556178501673,0,0,8,12,170,753,671,97
8.24,100.0,80.8750944856586,86.42564879733993,0.5803040493602444,1.0,0.5760421752929688,HF,0.75,0.4,0.0,0.18,0.5,-0.4401630946568086,1.0,0,10,0,0,122,693,761,148
8.25,100.0,84.70007558852687,85.18131884956276,0.5561127013686475,1.0,0.5477031980242048,HF,0.75,0.4,0.0,0.18,0.5,0.7910203116280701,0.20897968837192993,0,0,0,17,158,738,670,115
8.26,79.10203116280701,83.5804667033829,84.96272400503085,0.6084788757245381,1.0,0.6066277367728097,HF,0.75,0.4,0.0,0.18,0.5,-0.5,1.0,0,0,0,0,99,613,768,184
8.27,100.0,86.86437336270632,83.0466855529639,0.5922958924316303,1.0,0.5842281069074359,HF,0.75,0.4,0.0,0.18,0.5,0.6695020948137541,0.3304979051862459,0,0,0,6,125,650,721,161
8.28,66.95020948137541,82.88154058644014,85.3666409081315,0.5958079565071613,1.0,0.5807920183454242,HF,0.75,0.4,0.0,0.18,0.5,0.32953278677804126,0.6704672132219587,6,0,0,10,106,645,750,146
8.290000000000001,67.04672132219586,79.71457673359129,85.82325342494721,0.6098587485059308,1.0,0.5781300408499581,HF,0.75,0.4,0.0,0.18,0.5,0.31666357857840544,0.6833364214215946,6,17,7,10,108,628,782,190
8.3,68.33364214215946,77.43838981530493,88.90768047424378,0.5535185882746957,1.0,0.5461707796369281,HF,0.75,0.4,0.0,0.18,0.5,0.8567983899797698,0.14320161002023024,0,1,6,12,147,789,691,113
8.31,85.67983899797697,79.08667965183935,84.19469128002436,0.6147012497264616,1.0,0.6024469648088727,HF,0.75,0.4,0.0,0.18,0.5,-0.5,1.0,1,0,6,8,84,608,770,181
8.32,100.0,83.26934372147147,81.97956669086787,0.5320136643835074,1.0,0.5032035282679966,HF,0.75,0.4,0.0,0.18,0.5,1.0,-0.3787185886928014,14,13,0,20,174,748,595,86
8.33,100.0,86.61547497717719,85.56960735287964,0.5792569657581976,1.0,0.569134031023298,HF,0.75,0.4,0.0,0.18,0.5,-0.5,1.0,1,5,8,7,114,681,726,139
8.34,100.0,89.29237998174175,86.17478285784024,0.5540993606714532,1.0,0.5374464307512555,HF,0.75,0.4,0.0,0.18,0.5,0.8553982325962615,0.14460176740373853,20,0,0,8,150,751,680,123
8.35,85.53982325962615,88.54186863731863,82.98554835923213,0.5414491961008921,1.0,0.5183871132986886,HF,0.75,0.4,0.0,0.18,0.5,0.6357128688267296,0.3642871311732704,3,6,17,14,164,737,619,91
8.36,63.571286882672965,83.5477522863895,87.31046725702753,0.5560145901220468,1.0,0.5500407900129046,HF,0.75,0.4,0.0,0.18,0.5,-0.2897824968610505,1.0,0,0,7,8,157,758,702,118
8.370000000000001,100.0,86.8382018291116,85.22795440425861,0.53097465436143,1.0,0.5338074820382255,HF,0.75,0.4,0.0,0.18,0.5,0.5786765507289344,0.4213234492710656,1,0,0,6,173,774,622,91
8.38,57.86765507289344,81.04409247786798,86.20357666741465,0.5539516590447059,1.0,0.5411103112357003,HF,0.75,0.4,0.0,0.18,0.5,0.15210494995117302,0.8478950500488269,0,9,1,0,166,752,671,102
8.39,84.7895050048827,81.79317498327092,86.7918284419161,0.544131641258766,1.0,0.528407233101981,HF,0.75,0.4,0.0,0.18,0.5,0.5172925131661549,0.4827074868338451,12,0,0,13,175,774,663,103
8.4,51.72925131661549,75.78039024993984,86.4677302020185,0.5685360491769833,1.0,0.5547005789620536,HF,0.75,0.4,0.0,0.18,0.5,-0.19516045706612806,1.0,5,0,10,0,152,708,705,128
8.41,100.0,80.62431219995187,85.70703865854368,0.5642315227764609,1.0,0.5588584627423968,HF,0.75,0.4,0.0,0.18,0.5,0.20161470685686356,0.7983852931431364,0,2,0,7,139,725,690,119
8.42,79.83852931431365,80.46715562282424,86.57454502805486,0.5619455410678942,1.0,0.5549906321934291,HF,0.75,0.4,0.0,0.18,0.5,0.3476246970040463,0.6523753029959537,0,0,4,4,150,729,682,117
8.43,65.23753029959536,77.42123055817846,84.46729478146997,0.5405589936249081,1.0,0.5358636038643974,HF,0.75,0.4,0.0,0.18,0.5,0.6299410683768133,0.3700589316231867,0,5,0,8,169,760,632,101
8.44,62.99410683768133,74.53580581407904,84.40868973234838,0.5692768107943363,1.0,0.5659734180995396,HF,0.75,0.4,0.0,0.18,0.5,-0.26836602347237637,1.0,0,0,1,0,137,721,688,129
8.45,100.0,79.62864465126323,82.48898882259074,0.549604791328797,1.0,0.5468940734863281,HF,0.75,0.4,0.0,0.18,0.5,0.6246705736432754,0.3753294263567246,0,0,0,11,160,725,630,116
8.46,62.46705736432754,76.19632719387609,84.49917974449069,0.49660303942822454,1.0,0.4860553741455078,HF,0.75,0.4,0.0,0.18,0.5,1.0,-0.3855778503417969,3,0,8,9,242,835,520,58
8.47,100.0,80.95706175510087,85.84865785468587,0.5699845427262101,1.0,0.5678614207676479,HF,0.75,0.4,0.0,0.18,0.5,-0.5,1.0,0,0,3,0,134,701,725,119
8.48,100.0,84.76564940408069,85.35649459201959,0.5380404859361819,1.0,0.5112299237932477,HF,0.75,0.4,0.0,0.18,0.5,1.0,-0.31487497602190406,15,0,15,13,177,763,638,90
8.49,100.0,87.81251952326456,88.53332250639683,0.5187860138025445,1.0,0.5153583799089704,HF,0.75,0.4,0.0,0.18,0.5,0.21954443795340406,0.7804555620465959,0,0,0,15,214,842,596,91
8.5,78.04555620465959,85.85912685954355,91.01089781071379,0.5287458186664653,1.0,0.5152665546962193,HF,0.75,0.4,0.0,0.18,0.5,0.2955462319510318,0.7044537680489682,15,0,0,6,208,832,647,98
8.51,70.44537680489682,82.7763768486142,86.00612023347715,0.5490902999041049,1.0,0.5467113767351423,HF,0.75,0.4,0.0,0.18,0.5,-0.28469134739467017,1.0,1,3,0,8,152,767,658,116
8.52,100.0,86.22110147889137,85.53278607803426,0.541098319339196,1.0,0.5428571701049805,HF,0.75,0.4,0.0,0.18,0.5,0.35223285130091986,0.6477671486990801,0,0,0,0,167,769,649,95
8.53,64.77671486990802,81.9322241570947,84.23607847146565,0.507899243189775,1.0,0.48921285356794086,HF,0.75,0.4,0.0,0.18,0.5,1.0,-0.26991255623953636,3,11,10,16,222,821,557,75
8.540000000000001,100.0,85.54577932567575,85.358432276296,0.5092359093281337,1.0,0.501133782523019,HF,0.75,0.4,0.0,0.18,0.5,0.08496976579938614,0.9150302342006138,0,0,0,26,218,825,562,70
8.55,91.50302342006138,86.73722814455287,83.3419847255531,0.5213747746769873,1.0,0.5146094730922154,HF,0.75,0.4,0.0,0.18,0.5,0.05159378051757868,0.9484062194824213,4,0,7,10,191,797,579,89
8.56,94.84062194824213,88.35790690529072,85.19758158691064,0.5501724441332897,1.0,0.5355450766427177,HF,0.75,0.4,0.0,0.18,0.5,-0.09105889456612815,1.0,7,1,0,6,166,752,663,93
8.57,100.0,90.68632552423257,84.55908985864988,0.5439745011057845,1.0,0.5316837855747768,HF,0.75,0.4,0.0,0.18,0.5,0.3568297249930248,0.6431702750069752,3,9,0,9,164,745,623,104
8.58,64.31702750069752,85.41246591952557,86.34789441682562,0.5231517137715913,1.0,0.5133954456874302,HF,0.75,0.4,0.0,0.18,0.5,0.6238319396972662,0.3761680603027338,0,5,0,13,213,788,600,82
8.59,62.38319396972663,80.80661152956579,88.9096523482933,0.5025491885413229,1.0,0.4893099921090262,HF,0.75,0.4,0.0,0.18,0.5,0.7378141675676619,0.26218583243233806,15,1,0,10,235,867,563,73
8.6,73.78141675676619,79.40157257500586,85.23163666858605,0.5197839897148625,1.0,0.4907493591308594,HF,0.75,0.4,0.0,0.18,0.5,0.27779164995465916,0.7222083500453409,20,3,4,18,189,814,569,74
8.61,72.2208350045341,77.96542506091151,85.0819366536422,0.5463911428764289,1.0,0.5533271517072406,HF,0.75,0.4,0.0,0.18,0.5,-0.5,1.0,1,0,0,0,149,759,656,116
8.620000000000001,100.0,82.37234004872921,84.41996580636959,0.5483168729997826,1.0,0.5342721939086914,HF,0.75,0.4,0.0,0.18,0.5,0.6292803628104082,0.3707196371895918,0,9,8,7,155,752,654,99
8.63,62.928036281040825,78.48347929519154,83.34440265304114,0.5283610000410345,1.0,0.5099326542445591,HF,0.75,0.4,0.0,0.18,0.5,0.7341386522565572,0.26586134774344283,12,9,0,0,193,760,600,80
8.64,73.41386522565571,77.46955648128437,89.23408984904337,0.518354830543405,1.0,0.5130993979317802,HF,0.75,0.4,0.0,0.18,0.5,0.23775885445730938,0.7622411455426906,9,1,2,0,195,838,615,74
8.65,76.22411455426906,77.22046809588132,83.82261317904731,0.5445784862161462,1.0,0.5386725834437779,HF,0.75,0.4,0.0,0.18,0.5,-0.17578637259347007,1.0,4,0,6,0,159,759,637,101
8.66,100.0,81.77637447670506,90.61189317193548,0.5048954843247685,1.0,0.4919406345912388,HF,0.75,0.4,0.0,0.18,0.5,1.0,-0.14439882550920757,6,13,0,19,231,867,592,80
8.67,100.0,85.42109958136405,88.24187302481249,0.5637494300117343,1.0,0.5491045543125698,HF,0.75,0.4,0.0,0.18,0.5,-0.5,1.0,0,9,0,12,146,750,717,113
8.68,100.0,88.33687966509125,83.75175628227845,0.5338172176460695,1.0,0.526637213570731,HF,0.75,0.4,0.0,0.18,0.5,0.6937572479248053,0.30624275207519475,0,6,7,10,167,775,628,91
8.69,69.37572479248053,84.5446486905691,87.02107075690247,0.5351395815230803,1.0,0.5218184334891183,HF,0.75,0.4,0.0,0.18,0.5,0.378010668073382,0.621989331926618,4,0,0,14,200,780,638,86
8.700000000000001,62.1989331926618,80.07550559098765,89.18404979715217,0.518611384211922,1.0,0.5039106096540179,HF,0.75,0.4,0.0,0.18,0.5,0.6207765851701994,0.3792234148298006,0,5,14,15,213,842,625,76
8.71,62.07765851701994,76.47593617619411,85.77630579182737,0.5204907670773764,1.0,0.5111371449061802,HF,0.75,0.4,0.0,0.18,0.5,0.16546750749860606,0.8345324925013939,0,0,8,13,206,805,599,75
8.72,83.4532492501394,77.87139879098316,85.38098022814555,0.5324745085549418,1.0,0.5233099801199776,HF,0.75,0.4,0.0,0.18,0.5,0.07156497410365542,0.9284350258963445,2,2,0,4,207,788,624,89
8.73,92.84350258963445,80.86581955071341,85.09756234611224,0.5250142003795879,1.0,0.5220437731061663,HF,0.75,0.4,0.0,0.18,0.5,0.3139742170061369,0.6860257829938631,2,0,0,3,194,788,613,72
8.74,68.60257829938631,78.413171300448,84.49730906079326,0.5569284594695043,1.0,0.5401032311575753,HF,0.75,0.4,0.0,0.18,0.5,-0.04111153738839146,1.0,1,7,16,0,146,726,653,111
8.75,100.0,82.7305370403584,87.76212437476133,0.5361303333311686,1.0,0.5317415509905133,HF,0.75,0.4,0.0,0.18,0.5,0.4378136226109099,0.56218637738909,4,0,0,17,177,799,648,108
8.76,56.218637738909,77.42815718006852,87.94282471534471,0.4980958769753115,1.0,0.4960385731288365,HF,0.75,0.4,0.0,0.18,0.5,0.944238172258649,0.05576182774135102,0,4,0,9,252,857,555,72
8.77,94.42381722586491,80.8272891892278,85.24978201011287,0.5539398202541991,1.0,0.545240947178432,HF,0.75,0.4,0.0,0.18,0.5,-0.5,1.0,0,5,11,0,149,750,677,110
8.78,100.0,84.66183135138225,84.53065781264628,0.5401379483384425,1.0,0.5280688149588448,HF,0.75,0.4,0.0,0.18,0.5,0.5978708539690305,0.40212914603096955,9,0,0,8,174,758,637,91
8.790000000000001,59.78708539690305,79.6868821604864,81.77061280185254,0.510868147299384,1.0,0.518824713570731,HF,0.75,0.4,0.0,0.18,0.5,0.4588639395577564,0.5411360604422436,0,0,0,0,202,787,555,80
8.8,54.11360604422436,74.57222693723399,84.36818092970289,0.4944721075675537,1.0,0.49458490099225727,HF,0.75,0.4,0.0,0.18,0.5,0.7384826660156244,0.2615173339843756,3,5,3,0,233,824,527,67
8.81,73.84826660156244,74.42743487009969,86.28850704456408,0.5222313322239241,1.0,0.5179616383143834,HF,0.75,0.4,0.0,0.18,0.5,-0.12796592712402288,1.0,0,5,2,9,197,806,606,85
8.82,100.0,79.54194789607975,86.7616528366905,0.5404053531321075,1.0,0.5359246390206474,HF,0.75,0.4,0.0,0.18,0.5,-0.037703868321010914,1.0,2,0,7,0,164,782,653,90
8.83,100.0,83.6335583168638,85.2343650380265,0.4992270773188962,1.0,0.4952324458530971,HF,0.75,0.4,0.0,0.18,0.5,1.0,-0.03436649867466535,0,7,5,12,230,817,552,70
8.84,100.0,86.90684665349104,84.58666179185371,0.5233981664992545,1.0,0.5250128337315151,HF,0.75,0.4,0.0,0.18,0.5,-0.24605211530412952,1.0,0,0,3,2,191,789,589,88
8.85,100.0,89.52547732279284,89.73813300735652,0.49143449886419527,1.0,0.4862732206072126,HF,0.75,0.4,0.0,0.18,0.5,1.0,-0.0028037479945591803,0,0,0,9,263,882,536,48
8.86,100.0,91.62038185823427,86.59186648069219,0.5065977402741311,1.0,0.49698189326695036,HF,0.75,0.4,0.0,0.18,0.5,0.10845113481794055,0.8915488651820594,0,0,3,21,228,825,567,60
8.870000000000001,89.15488651820594,91.1272827902286,88.11592142767759,0.5027470057115855,1.0,0.5013679776872907,HF,0.75,0.4,0.0,0.18,0.5,0.2205032893589578,0.7794967106410422,0,0,3,9,234,841,572,64
8.88,77.94967106410422,88.49176044500372,81.68710924598993,0.4907563024720473,1.0,0.47353690011160715,HF,0.75,0.4,0.0,0.18,0.5,0.8115446363176607,0.18845536368233928,7,0,14,16,242,801,498,55
8.89,81.15446363176608,87.0243010823562,85.39546121583494,0.5057189108532629,1.0,0.4984463282993862,HF,0.75,0.4,0.0,0.18,0.5,-0.14774823869977682,1.0,0,0,0,27,228,823,548,75
8.9,100.0,89.61944086588497,85.76685730709335,0.49615255492779337,1.0,0.4989844730922154,HF,0.75,0.4,0.0,0.18,0.5,0.29071960449218803,0.709280395507812,0,1,0,6,247,824,541,69
8.91,70.9280395507812,85.88116060286421,84.24071264889751,0.4720767050200732,1.0,0.4667466027396066,HF,0.75,0.4,0.0,0.18,0.5,0.8935830252511152,0.10641697474888479,0,2,0,20,295,841,456,55
8.92,89.35830252511153,86.57658898731368,89.36662915185507,0.49279852507226973,1.0,0.4918998990740095,HF,0.75,0.4,0.0,0.18,0.5,-0.14951929364885574,1.0,0,0,0,19,247,873,542,65
8.93,100.0,89.26127118985094,85.26731664572449,0.48478366293349634,1.0,0.4829530715942383,HF,0.75,0.4,0.0,0.18,0.5,0.4678616659981865,0.5321383340018135,0,0,5,14,252,862,510,54
8.94,53.21383340018136,82.05178363191703,88.83040905340364,0.5142352687162142,1.0,0.5141068867274693,HF,0.75,0.4,0.0,0.18,0.5,-0.2664114270891459,1.0,0,2,0,9,217,843,603,83
8.950000000000001,100.0,85.64142690553363,86.47528531259992,0.4491801046356628,1.0,0.44816616603306364,HF,0.75,0.4,0.0,0.18,0.5,1.0,-0.40073353358677455,0,0,0,32,326,877,435,36
8.96,100.0,88.51314152442691,86.92083129968564,0.46644607319717374,1.0,0.4710469927106585,HF,0.75,0.4,0.0,0.18,0.5,-0.10027367728097047,1.0,2,0,5,6,298,878,475,58
8.97,100.0,90.81051321954153,85.21795066626885,0.49451525163684396,1.0,0.48611927032470703,HF,0.75,0.4,0.0,0.18,0.5,0.03425129481724315,0.9657487051827569,0,10,6,5,245,833,534,60
8.98,96.57487051827569,91.96338467928837,85.38550754867654,0.4878440414781832,1.0,0.4799999509538923,HF,0.75,0.4,0.0,0.18,0.5,0.41814776829310807,0.5818522317068919,0,6,0,27,250,837,526,54
8.99,58.18522317068919,85.20775237756854,89.20214861232878,0.4736847058550971,1.0,0.47236701420375277,HF,0.75,0.4,0.0,0.18,0.5,0.4484460558210106,0.5515539441789894,0,0,0,18,303,906,496,58
9.0,55.15539441789894,79.19728078563462,87.5308043120267,0.47255277535182144,1.0,0.4763002395629883,HF,0.75,0.4,0.0,0.18,0.5,0.23868184770856538,0.7613181522914346,3,0,0,8,289,885,492,59
9.01,76.13181522914346,78.58418767433639,86.68350784142707,0.4202074721464776,1.0,0.4260279791695731,HF,0.75,0.4,0.0,0.18,0.5,1.0,-0.23448949541364428,0,1,0,25,386,880,361,32
9.02,100.0,82.86735013946911,86.37726216313597,0.4732798927327248,1.0,0.46501377650669645,HF,0.75,0.4,0.0,0.18,0.5,-0.3877498626708993,1.0,0,7,0,23,282,874,487,44
9.03,100.0,86.29388011157529,85.97595194217362,0.4311295995707148,1.0,0.42857142857142855,HF,0.75,0.4,0.0,0.18,0.5,0.9845336914062508,0.015466308593749145,3,0,0,32,373,890,390,31
9.040000000000001,98.45336914062509,88.72577791738524,86.43337819499534,0.4364966091444357,1.0,0.43826225825718473,HF,0.75,0.4,0.0,0.18,0.5,0.15026016235351475,0.8497398376464853,3,0,0,15,373,883,396,40
9.05,84.97398376464854,87.9754190868379,86.84464959489975,0.40253667187273146,1.0,0.4057276589529855,HF,0.75,0.4,0.0,0.18,0.5,0.9233317238943917,0.07666827610560828,0,0,0,35,441,881,313,31
9.06,92.33317238943917,88.84696974735814,85.79579388221713,0.4202533047365826,1.0,0.42205892290387836,HF,0.75,0.4,0.0,0.18,0.5,0.037213679722377324,0.9627863202776227,3,0,4,30,389,881,371,33
9.07,96.27863202776227,90.33330220343898,87.84595513028086,0.40335292102340153,1.0,0.37859603336879183,HF,0.75,0.4,0.0,0.18,0.5,1.0,-0.1308935982840409,0,11,17,53,443,883,322,9
9.08,100.0,92.26664176275118,85.78524276317991,0.44001663373257865,1.0,0.42939867292131695,HF,0.75,0.4,0.0,0.18,0.5,-0.5,1.0,0,2,11,23,368,892,402,29
9.09,100.0,93.81331341020095,87.39447609278062,0.3949684543727209,1.0,0.38355486733572824,HF,0.75,0.4,0.0,0.18,0.5,1.0,-0.17176655360630533,0,10,10,46,453,873,312,16
9.1,100.0,95.05065072816076,85.31781413571679,0.4162567532949137,1.0,0.4083057131086077,HF,0.75,0.4,0.0,0.18,0.5,-0.10883750915527313,1.0,5,11,0,31,409,875,360,29
9.11,100.0,96.04052058252861,89.6962182082111,0.4004035895539413,1.0,0.3940206255231585,HF,0.75,0.4,0.0,0.18,0.5,0.5995233263288225,0.40047667367117745,8,0,0,50,475,915,330,33
9.120000000000001,59.95233263288225,88.82288299259935,81.61604268744024,0.35483625936460206,1.0,0.35144615173339844,HF,0.75,0.4,0.0,0.18,0.5,1.0,-0.12576206752232122,5,0,6,65,529,782,224,19
9.13,100.0,91.05830639407948,88.44110120786246,0.4171266988460241,1.0,0.41795921325683594,HF,0.75,0.4,0.0,0.18,0.5,-0.5,1.0,1,2,0,31,414,911,358,33
9.14,100.0,92.84664511526358,85.99675656607324,0.3667890363423063,1.0,0.37108748299734934,HF,0.75,0.4,0.0,0.18,0.5,1.0,-0.19525615147181896,1,0,0,46,522,841,248,17
9.15,100.0,94.27731609221087,87.31726390558102,0.36836056032101705,1.0,0.36755616324288504,HF,0.75,0.4,0.0,0.18,0.5,0.4165412902832034,0.5834587097167966,7,4,0,56,530,865,270,24
9.16,58.34587097167966,87.09102706810462,84.91705398698566,0.3549738447943584,1.0,0.3449476787022182,HF,0.75,0.4,0.0,0.18,0.5,0.7689736502511155,0.23102634974888442,5,8,9,66,535,813,231,14
9.17,76.89736502511155,85.052294659506,83.80264125313123,0.35112140227581196,1.0,0.33937195369175505,HF,0.75,0.4,0.0,0.18,0.5,0.4646142687116349,0.5353857312883651,5,0,10,65,557,801,211,7
9.18,53.53857312883651,78.7495503533721,85.80970375384535,0.33560105915177374,1.0,0.34211417606898714,HF,0.75,0.4,0.0,0.18,0.5,0.3137943267822274,0.6862056732177726,0,2,0,81,584,805,198,22
9.19,68.62056732177726,76.72375374705314,84.12086966549208,0.3002760194089183,1.0,0.29368931906563894,HF,0.75,0.4,0.0,0.18,0.5,1.0,-0.2541716984340119,4,2,0,100,678,737,126,1
9.200000000000001,100.0,81.37900299764252,89.32838410956779,0.31992871305921616,1.0,0.3259235109601702,HF,0.75,0.4,0.0,0.18,0.5,-0.21058485848563058,1.0,0,0,0,86,669,794,185,14
9.21,100.0,85.10320239811402,83.09754740219768,0.3039156743204936,1.0,0.289416994367327,HF,0.75,0.4,0.0,0.18,0.5,1.0,-0.04135050092424697,9,4,0,117,659,726,142,2
9.22,100.0,88.08256191849122,86.57277348791078,0.3115296444146484,1.0,0.30339172908238005,HF,0.75,0.4,0.0,0.18,0.5,0.12709808349609286,0.8729019165039071,7,0,0,106,656,763,151,6
9.23,87.29019165039071,87.92408786487113,85.89448978399847,0.3212275181026675,1.0,0.3140460423060826,HF,0.75,0.4,0.0,0.18,0.5,0.18260394505092148,0.8173960549490785,0,0,12,84,636,766,171,0
9.24,81.73960549490785,86.68719139087847,87.56388507090384,0.29966859376924465,1.0,0.30184595925467356,HF,0.75,0.4,0.0,0.18,0.5,0.5988631112234929,0.4011368887765071,0,0,1,112,697,746,162,0
9.25,59.88631112234929,81.32701533717263,84.38696033508688,0.3273087674025403,1.0,0.3320185797555106,HF,0.75,0.4,0.0,0.18,0.5,-0.17591460091727062,1.0,0,0,4,84,600,767,205,6
9.26,100.0,85.0616122697381,82.14886527933425,0.31640270596999004,1.0,0.31410939352852957,HF,0.75,0.4,0.0,0.18,0.5,0.6967215946742463,0.3032784053257537,4,0,0,100,613,722,178,3
9.27,69.67215946742463,81.98372170927541,88.99114347296485,0.3048435012164675,1.0,0.30405466897147043,HF,0.75,0.4,0.0,0.18,0.5,0.5593631744384763,0.4406368255615237,0,8,0,99,690,780,157,3
9.28,55.93631744384763,76.77424085618985,88.28713208985722,0.27414028724126954,1.0,0.2786615916660854,HF,0.75,0.4,0.0,0.18,0.5,0.8456107548304964,0.15438924516950359,0,5,7,129,759,709,122,11
9.290000000000001,84.56107548304963,78.3316077815618,84.655212831347,0.271472120599185,1.0,0.26376261029924664,HF,0.75,0.4,0.0,0.18,0.5,0.662676620483399,0.33732337951660096,0,3,21,139,723,665,115,0
9.3,66.2676620483399,75.91881863491743,86.84249475738196,0.2744135573470384,1.0,0.27029446193150114,HF,0.75,0.4,0.0,0.18,0.5,0.27430888584681845,0.7256911141531815,4,0,13,154,749,697,122,12
9.31,72.56911141531816,75.24887719099758,89.84702697520692,0.23116029839068228,1.0,0.22579588208879744,HF,0.75,0.4,0.0,0.18,0.5,1.0,-0.21065608433314753,8,0,9,204,845,606,78,0
9.32,100.0,80.19910175279806,85.10218322537399,0.2348597457298714,1.0,0.24132646833147323,HF,0.75,0.4,0.0,0.18,0.5,0.12391886029924665,0.8760811397007533,0,0,0,202,791,599,82,6
9.33,87.60811397007532,81.68090419625351,88.82138464084179,0.22957182631979967,1.0,0.2240516117640904,HF,0.75,0.4,0.0,0.18,0.5,0.7213267735072544,0.27867322649274556,0,7,14,215,851,601,80,2
9.34,72.13267735072544,79.77125882714789,84.13081221020306,0.23013178802783013,1.0,0.2220903124128069,HF,0.75,0.4,0.0,0.18,0.5,0.44646726335798026,0.5535327366420197,11,3,9,203,798,579,81,0
9.35,55.35327366420197,74.88766179455871,86.64956318822023,0.231029506339828,1.0,0.23381928035191127,HF,0.75,0.4,0.0,0.18,0.5,0.19535086495535708,0.804649135044643,0,1,0,213,823,598,76,4
9.36,80.46491350446429,76.00311213653983,88.84790769108233,0.2425999041812491,1.0,0.24612154279436385,HF,0.75,0.4,0.0,0.18,0.5,0.18011065891810796,0.819889341081892,0,1,17,183,817,646,99,5
9.370000000000001,81.9889341081892,77.2002765308697,82.98833518933876,0.2062697660028128,1.0,0.21105303083147323,HF,0.75,0.4,0.0,0.18,0.5,1.0,-0.04681200299944199,0,2,6,232,797,519,55,2
9.38,100.0,81.76022122469575,85.99552376705164,0.17891880648369662,1.0,0.18836471012660436,HF,0.75,0.4,0.0,0.18,0.5,0.8330438886369979,0.16695611136300215,0,0,13,304,861,476,53,7
9.39,83.30438886369978,82.06905475249656,85.7606821950537,0.22361495623129765,1.0,0.2218952178955078,HF,0.75,0.4,0.0,0.18,0.5,-0.19230722699846525,1.0,0,0,12,224,825,564,68,6
9.4,100.0,85.65524380199724,87.43047316778247,0.17859268357540534,1.0,0.17803709847586496,HF,0.75,0.4,0.0,0.18,0.5,1.0,-0.21823131016322517,0,0,24,322,873,465,43,11
9.41,100.0,88.52419504159779,85.93011699908273,0.1615180814028979,1.0,0.16389029366629465,HF,0.75,0.4,0.0,0.18,0.5,0.6890863691057478,0.3109136308942522,4,0,14,330,889,423,38,0
9.42,68.90863691057478,84.60108341539319,86.5842976842376,0.17855466960099514,1.0,0.17655931200299943,HF,0.75,0.4,0.0,0.18,0.5,0.2013339451381142,0.7986660548618858,2,1,26,304,866,459,29,17
9.43,79.86660548618858,83.65418782955227,87.72550918390537,0.14972004448453125,1.0,0.1494403566632952,HF,0.75,0.4,0.0,0.18,0.5,0.9283650534493582,0.07163494655064184,0,0,40,359,897,401,39,0
9.44,92.83650534493582,85.49065133262899,82.48358224668912,0.15476233440389578,1.0,0.15452616555350168,HF,0.75,0.4,0.0,0.18,0.5,0.3466449737548825,0.6533550262451175,0,0,36,324,836,384,30,6
9.450000000000001,65.33550262451175,81.45962159100553,85.65291116487722,0.1616611052885165,1.0,0.16194943019321986,HF,0.75,0.4,0.0,0.18,0.5,0.3016014644077848,0.6983985355922152,0,2,30,330,879,420,45,0
9.46,69.83985355922152,79.13566798464873,86.7624893103242,0.1461956109014047,1.0,0.14117349897112166,HF,0.75,0.4,0.0,0.18,0.5,0.8174973624093189,0.18250263759068108,0,2,33,364,898,374,26,0
9.47,81.7497362409319,79.65848163590536,86.8247119381719,0.17230120013986389,1.0,0.18440955025809153,HF,0.75,0.4,0.0,0.18,0.5,-0.35201274326869403,1.0,0,0,4,318,882,463,43,9
9.48,100.0,83.72678530872429,87.16767416307812,0.12595492560100832,1.0,0.128612858908517,HF,0.75,0.4,0.0,0.18,0.5,1.0,-0.45289530072893436,0,2,25,433,887,355,21,2
9.49,100.0,86.98142824697943,86.41869771466938,0.12775785279365443,1.0,0.1380314826965332,HF,0.75,0.4,0.0,0.18,0.5,0.2752521787370952,0.7247478212629048,0,3,28,405,891,352,25,13
9.5,72.47478212629048,84.08009902284165,85.46446896255031,0.14923270484978413,1.0,0.1456860133579799,HF,0.75,0.4,0.0,0.18,0.5,0.30394404275076753,0.6960559572492324,1,0,42,370,872,396,29,7
9.51,69.60559572492325,81.18519836325797,81.21784286943208,0.09662769863705473,1.0,0.09506171090262276,HF,0.75,0.4,0.0,0.18,0.5,1.0,-0.37321275983537927,7,0,49,448,827,275,14,0
9.52,100.0,84.94815869060638,88.05920872283939,0.1510472765078869,1.0,0.14269304275512695,HF,0.75,0.4,0.0,0.18,0.5,-0.41444119044712624,1.0,7,17,20,362,890,410,35,0
9.53,100.0,87.9585269524851,87.61851725624659,0.13055126728904928,1.0,0.12692880630493164,HF,0.75,0.4,0.0,0.18,0.5,0.7329847335815429,0.267015266418457,0,0,42,410,888,366,16,0
9.540000000000001,73.2984733581543,85.02651623361895,86.65728805160961,0.08907118159648772,1.0,0.08204575947352818,HF,0.75,0.4,0.0,0.18,0.5,1.0,-0.27507653917585084,6,0,66,507,865,275,10,0
9.55,100.0,88.02121298689516,86.72151150932767,0.09677539688777866,1.0,0.09254476002284459,HF,0.75,0.4,0.0,0.18,0.5,0.27400008610316684,0.7259999138968332,4,0,47,506,856,290,12,0
9.56,72.59999138968331,84.9369686674528,85.36579433485207,0.07418499912004584,1.0,0.07234539304460798,HF,0.75,0.4,0.0,0.18,0.5,0.8346504483904158,0.16534955160958414,4,12,67,537,823,242,29,0
9.57,83.46504483904158,84.64258390177055,85.24803284129626,0.0741005257811564,1.0,0.07177277973720006,HF,0.75,0.4,0.0,0.18,0.5,0.4815979276384625,0.5184020723615375,0,0,67,529,817,244,3,0
9.58,51.840207236153745,78.0821085686472,88.93288478237716,0.05235347031262316,1.0,0.05114235196794782,HF,0.75,0.4,0.0,0.18,0.5,0.8508907590593612,0.14910924094063882,0,4,92,601,839,215,0,6
9.59,85.08907590593611,79.48350203610498,87.75321175968436,0.06966640765630969,1.0,0.060966627938406806,HF,0.75,0.4,0.0,0.18,0.5,0.2987763813563755,0.7012236186436245,10,10,69,559,841,236,16,0
9.6,70.12236186436245,77.61127400175647,81.60499798947595,0.0967912978332367,1.0,0.09006595611572266,HF,0.75,0.4,0.0,0.18,0.5,-0.059814289637974416,1.0,1,0,55,473,794,271,4,4
9.61,100.0,82.08901920140518,86.25585440474916,0.07979844104059927,1.0,0.08256571633475167,HF,0.75,0.4,0.0,0.18,0.5,0.601978029523577,0.3980219704764229,0,0,57,531,855,241,22,0
9.620000000000001,60.197802952357705,77.71077595159568,86.72489976318906,0.05270603958418319,1.0,0.0624021121433803,HF,0.75,0.4,0.0,0.18,0.5,0.8379840305873324,0.1620159694126676,1,9,71,592,817,225,2,16
9.63,83.79840305873324,78.92830137302319,90.00884660735034,0.05693165297725004,1.0,0.059631552015032084,HF,0.75,0.4,0.0,0.18,0.5,0.5260174615042551,0.4739825384957449,0,0,80,598,852,233,5,0
9.64,52.60174615042551,73.66299032850365,82.59771905146552,0.06248755822631545,1.0,0.063521180834089,HF,0.75,0.4,0.0,0.18,0.5,0.40457820892333984,0.5954217910766602,2,2,68,544,794,211,13,1
9.65,59.542179107666016,70.83882808433613,88.24685457419153,0.06482935711824242,1.0,0.05866193771362305,MF,0.55,0.55,0.0,0.14,0.5,0.5357653379440307,0.4642346620559693,1,13,76,588,852,215,22,1
9.66,53.57653379440307,67.38636922634952,85.89609045819844,0.0533542549289427,1.0,0.05048969813755581,MF,0.55,0.55,0.0,0.14,0.5,0.5866420200892857,0.4133579799107143,0,3,75,600,808,202,2,2
9.67,58.66420200892857,65.64193578286533,86.37421420025018,0.0520878839079653,1.0,0.053250517163957865,MF,0.55,0.55,0.0,0.14,0.5,0.4320607491901943,0.5679392508098057,0,0,86,608,803,217,11,0
9.68,56.793925080980564,63.87233364248838,85.20490260690845,0.013374764074870902,1.0,0.00835268838065011,MF,0.55,0.55,0.0,0.14,0.5,1.0,-0.12397562435695109,7,0,109,685,717,134,5,2
9.69,100.0,71.0978669139907,86.96946929593784,0.031927557786037356,1.0,0.02676521028791155,MF,0.55,0.55,0.0,0.14,0.5,0.22750382763998844,0.7724961723600116,20,1,97,642,784,180,16,0
9.700000000000001,77.24961723600116,72.32821697839279,85.5080093232886,0.043947419325892294,1.0,0.04033613204956055,HF,0.75,0.4,0.0,0.18,0.5,0.23958895547049386,0.7604110445295061,4,2,91,603,803,197,0,0
9.71,76.04110445295062,73.07079447330435,83.90615649978619,0.04577243529322404,1.0,0.045890603746686666,HF,0.75,0.4,0.0,0.18,0.5,0.3816632679530552,0.6183367320469448,0,0,87,593,780,180,13,0
9.72,61.833673204694485,70.82337021958237,85.35076065120411,0.03431539168669051,1.0,0.0340381349836077,MF,0.55,0.55,0.0,0.14,0.5,0.6472135884421213,0.3527864115578787,0,2,89,628,773,164,3,3
9.73,64.72135884421213,69.60296794450832,83.44512679230931,0.05018602076511165,1.0,0.0457963262285505,MF,0.55,0.55,0.0,0.14,0.5,0.31019734314509795,0.689802656854902,10,0,90,579,784,190,16,3
9.74,68.98026568549021,69.4784274927047,84.37169348680479,0.00138748234589477,1.0,0.0003425734383719308,MF,0.55,0.55,0.0,0.14,0.5,1.0,-0.13616412367139552,0,5,132,701,700,121,0,9
9.75,100.0,75.58274199416375,85.03074287079984,0.025337830678560307,1.0,0.02375296183994838,HF,0.75,0.4,0.0,0.18,0.5,0.06911182403564459,0.9308881759643555,0,5,99,657,760,158,5,0
9.76,93.08881759643555,79.08395711461812,83.16113360690998,0.0032364510354938557,1.0,0.00474752698625837,HF,0.75,0.4,0.0,0.18,0.5,0.8401988165719168,0.1598011834280832,1,6,125,679,703,131,10,0
9.77,84.01988165719168,80.07114202313282,78.15519949676332,0.024111525669954927,1.0,0.02890069144112723,HF,0.75,0.4,0.0,0.18,0.5,0.05368276323590959,0.9463172367640904,0,1,93,612,694,148,12,2
9.78,94.63172367640904,82.98325835378806,85.08464601402314,0.03804691079481699,1.0,0.04029301234654018,HF,0.75,0.4,0.0,0.18,0.5,0.2788210187639508,0.7211789812360492,0,5,79,622,778,193,0,0
9.790000000000001,72.11789812360492,80.81018630775144,87.6453648531483,0.021632789964860413,1.0,0.02309472220284598,HF,0.75,0.4,0.0,0.18,0.5,0.8003313337053571,0.19966866629464286,1,0,105,687,769,165,5,0
9.8,80.03313337053571,80.6547757203083,87.86762085215,0.02342358826858677,1.0,0.012763840811593192,HF,0.75,0.4,0.0,0.18,0.5,0.6808503287179128,0.3191496712820871,18,0,115,665,776,172,0,0
9.81,68.08503287179128,78.14082715060489,84.87358053191475,-0.002128487785001923,1.0,-0.004395621163504464,HF,0.75,0.4,0.0,0.18,0.5,0.8106285640171595,0.1893714359828404,3,13,131,709,699,127,0,8
9.82,81.06285640171595,78.7252330008271,86.59039073631767,0.018474775623308824,1.0,0.021309239523751394,HF,0.75,0.4,0.0,0.18,0.5,0.028788811819893956,0.971211188180106,0,0,110,664,741,151,10,0
9.83,97.1211188180106,82.4044101642638,83.96238960481857,-0.006939983362546802,1.0,-0.009366307939801897,HF,0.75,0.4,0.0,0.18,0.5,1.0,-0.055906377519879924,0,2,154,718,689,130,0,0
9.84,100.0,85.92352813141103,83.78625941693188,0.0349256457412014,1.0,0.03784063884190151,HF,0.75,0.4,0.0,0.18,0.5,-0.3648612976074219,1.0,0,0,89,616,762,174,0,5
9.85,100.0,88.73882250512882,84.72161293249968,0.004091908973661253,1.0,0.013589245932442802,HF,0.75,0.4,0.0,0.18,0.5,0.9310893739972796,0.06891062600272041,5,0,120,698,703,131,9,16
9.86,93.10893739972796,89.61284548404865,87.21080900952549,0.015746978986018647,1.0,0.016222476959228516,HF,0.75,0.4,0.0,0.18,0.5,0.44611285073416573,0.5538871492658343,4,0,116,687,757,154,8,0
9.870000000000001,55.388714926583425,82.76801937255561,86.11721783474358,-0.019096271491289986,1.0,-0.019202096121651784,HF,0.75,0.4,0.0,0.18,0.5,1.0,-0.14532315390450623,0,17,158,751,687,100,0,13
9.88,100.0,86.21441549804449,86.09192187209787,-0.00014151685665676067,1.0,-0.0020239693777901785,HF,0.75,0.4,0.0,0.18,0.5,0.19160330636160716,0.8083966936383928,0,8,136,704,711,129,6,0
9.89,80.83966936383928,85.13946627120345,88.50389490902631,0.022354389385755458,1.0,0.032426697867257256,HF,0.75,0.4,0.0,0.18,0.5,-0.1330826895577567,1.0,0,1,109,676,775,162,19,7
9.9,100.0,88.11157301696277,87.86930941467325,0.01083616893488199,1.0,0.023863247462681363,HF,0.75,0.4,0.0,0.18,0.5,0.6445968082972935,0.35540319170270646,0,3,130,694,755,166,13,11
9.91,64.45968082972935,83.38119457951608,86.43667750088431,0.022261919593108123,1.0,0.017089775630405972,HF,0.75,0.4,0.0,0.18,0.5,0.6150865827287947,0.38491341727120537,0,9,113,669,771,156,4,0
9.92,61.508658272879465,79.00668731818875,83.9407780578212,0.006967205022043701,1.0,0.007401057652064732,HF,0.75,0.4,0.0,0.18,0.5,0.6714365005493164,0.3285634994506836,0,12,121,676,702,135,10,4
9.93,67.14365005493164,76.63407986553733,84.58892410544308,-0.014913615023174443,1.0,-0.015266554696219308,HF,0.75,0.4,0.0,0.18,0.5,0.9141236441476004,0.08587635585239956,5,0,148,731,671,120,0,0
9.94,91.41236441476003,79.58973677538187,84.86510543754329,0.037663247653451644,1.0,0.02604389190673828,HF,0.75,0.4,0.0,0.18,0.5,-0.25400559561593183,1.0,16,17,90,605,755,174,6,10
9.950000000000001,100.0,83.67178942030549,87.73561091908489,0.005846642268108876,1.0,0.008722850254603795,HF,0.75,0.4,0.0,0.18,0.5,0.8082896096365793,0.19171039036342075,0,0,129,719,742,133,10,3
9.96,80.82896096365792,83.10322372897596,83.85866718761964,-0.014688264124027269,1.0,-0.02021237782069615,HF,0.75,0.4,0.0,0.18,0.5,1.0,-0.02891905648367754,5,3,158,727,659,112,4,0
9.97,100.0,86.48257898318077,84.17482360364475,0.01475264914880738,1.0,0.003318309783935547,HF,0.75,0.4,0.0,0.18,0.5,0.07512029920305524,0.9248797007969447,6,8,125,661,740,139,0,0
9.98,92.48797007969446,87.6836572024835,85.10840937234637,-0.009602542460648622,1.0,-0.01593072073800223,HF,0.75,0.4,0.0,0.18,0.5,0.8528548376900809,0.14714516230991914,4,7,132,721,681,105,0,0
9.99,85.28548376900808,87.20402251578842,88.86725003964189,0.004061564853717827,1.0,0.001136371067592076,HF,0.75,0.4,0.0,0.18,0.5,0.19233779907226567,0.8076622009277343,5,0,141,737,729,135,8,5
10.0,80.76622009277344,85.91646203118543,84.64301053902555,-0.006109989261073028,1.0,-0.0071599142892020086,HF,0.75,0.4,0.0,0.18,0.5,0.6521971021379743,0.3478028978620257,0,5,146,707,696,116,0,6
